"Date","Source","Site ID","POC","Daily Max 8-hour Ozone Concentration","Units","Daily AQI Value","Local Site Name","Daily Obs Count","Percent Complete","AQS Parameter Code","AQS Parameter Description","Method Code","CBSA Code","CBSA Name","State FIPS Code","State","County FIPS Code","County","Site Latitude","Site Longitude"
"01/01/2023","AQS","361099991","1","0.03","ppm","28","Connecticut Hill","17","100.0000","44201","Ozone","047","27060","Ithaca, NY","36","New York","109","Tompkins","42.4006","-76.6538"
"01/02/2023","AQS","361099991","1","0.027","ppm","25","Connecticut Hill","17","100.0000","44201","Ozone","047","27060","Ithaca, NY","36","New York","109","Tompkins","42.4006","-76.6538"
"01/03/2023","AQS","361099991","1","0.023","ppm","21","Connecticut Hill","17","100.0000","44201","Ozone","047","27060","Ithaca, NY","36","New York","109","Tompkins","42.4006","-76.6538"
"01/04/2023","AQS","361099991","1","0.027","ppm","25","Connecticut Hill","17","100.0000","44201","Ozone","047","27060","Ithaca, NY","36","New York","109","Tompkins","42.4006","-76.6538"
"01/05/2023","AQS","361099991","1","0.033","ppm","31","Connecticut Hill","17","100.0000","44201","Ozone","047","27060","Ithaca, NY","36","New York","109","Tompkins","42.4006","-76.6538"
"01/06/2023","AQS","361099991","1","0.025","ppm","23","Connecticut Hill","17","100.0000","44201","Ozone","047","27060","Ithaca, NY","36","New York","109","Tompkins","42.4006","-76.6538"
"01/07/2023","AQS","361099991","1","0.029","ppm","27","Connecticut Hill","17","100.0000","44201","Ozone","047","27060","Ithaca, NY","36","New York","109","Tompkins","42.4006","-76.6538"
"01/08/2023","AQS","361099991","1","0.031","ppm","29","Connecticut Hill","17","100.0000","44201","Ozone","047","27060","Ithaca, NY","36","New York","109","Tompkins","42.4006","-76.6538"
"01/09/2023","AQS","361099991","1","0.035","ppm","32","Connecticut Hill","17","100.0000","44201","Ozone","047","27060","Ithaca, NY","36","New York","109","Tompkins","42.4006","-76.6538"
"01/10/2023","AQS","361099991","1","0.03","ppm","28","Connecticut Hill","17","100.0000","44201","Ozone","047","27060","Ithaca, NY","36","New York","109","Tompkins","42.4006","-76.6538"
"01/11/2023","AQS","361099991","1","0.025","ppm","23","Connecticut Hill","17","100.0000","44201","Ozone","047","27060","Ithaca, NY","36","New York","109","Tompkins","42.4006","-76.6538"
"01/12/2023","AQS","361099991","1","0.027","ppm","25","Connecticut Hill","17","100.0000","44201","Ozone","047","27060","Ithaca, NY","36","New York","109","Tompkins","42.4006","-76.6538"
"01/13/2023","AQS","361099991","1","0.031","ppm","29","Connecticut Hill","17","100.0000","44201","Ozone","047","27060","Ithaca, NY","36","New York","109","Tompkins","42.4006","-76.6538"
"01/14/2023","AQS","361099991","1","0.033","ppm","31","Connecticut Hill","17","100.0000","44201","Ozone","047","27060","Ithaca, NY","36","New York","109","Tompkins","42.4006","-76.6538"
"01/15/2023","AQS","361099991","1","0.033","ppm","31","Connecticut Hill","17","100.0000","44201","Ozone","047","27060","Ithaca, NY","36","New York","109","Tompkins","42.4006","-76.6538"
"01/16/2023","AQS","361099991","1","0.043","ppm","40","Connecticut Hill","17","100.0000","44201","Ozone","047","27060","Ithaca, NY","36","New York","109","Tompkins","42.4006","-76.6538"
"01/17/2023","AQS","361099991","1","0.033","ppm","31","Connecticut Hill","17","100.0000","44201","Ozone","047","27060","Ithaca, NY","36","New York","109","Tompkins","42.4006","-76.6538"
"01/18/2023","AQS","361099991","1","0.019","ppm","18","Connecticut Hill","17","100.0000","44201","Ozone","047","27060","Ithaca, NY","36","New York","109","Tompkins","42.4006","-76.6538"
"01/19/2023","AQS","361099991","1","0.02","ppm","19","Connecticut Hill","17","100.0000","44201","Ozone","047","27060","Ithaca, NY","36","New York","109","Tompkins","42.4006","-76.6538"
"01/20/2023","AQS","361099991","1","0.028","ppm","26","Connecticut Hill","17","100.0000","44201","Ozone","047","27060","Ithaca, NY","36","New York","109","Tompkins","42.4006","-76.6538"
"01/21/2023","AQS","361099991","1","0.032","ppm","30","Connecticut Hill","17","100.0000","44201","Ozone","047","27060","Ithaca, NY","36","New York","109","Tompkins","42.4006","-76.6538"
"01/22/2023","AQS","361099991","1","0.025","ppm","23","Connecticut Hill","17","100.0000","44201","Ozone","047","27060","Ithaca, NY","36","New York","109","Tompkins","42.4006","-76.6538"
"01/23/2023","AQS","361099991","1","0.031","ppm","29","Connecticut Hill","17","100.0000","44201","Ozone","047","27060","Ithaca, NY","36","New York","109","Tompkins","42.4006","-76.6538"
"01/24/2023","AQS","361099991","1","0.031","ppm","29","Connecticut Hill","17","100.0000","44201","Ozone","047","27060","Ithaca, NY","36","New York","109","Tompkins","42.4006","-76.6538"
"01/25/2023","AQS","361099991","1","0.029","ppm","27","Connecticut Hill","17","100.0000","44201","Ozone","047","27060","Ithaca, NY","36","New York","109","Tompkins","42.4006","-76.6538"
"01/26/2023","AQS","361099991","1","0.03","ppm","28","Connecticut Hill","17","100.0000","44201","Ozone","047","27060","Ithaca, NY","36","New York","109","Tompkins","42.4006","-76.6538"
"01/27/2023","AQS","361099991","1","0.034","ppm","31","Connecticut Hill","17","100.0000","44201","Ozone","047","27060","Ithaca, NY","36","New York","109","Tompkins","42.4006","-76.6538"
"01/28/2023","AQS","361099991","1","0.038","ppm","35","Connecticut Hill","17","100.0000","44201","Ozone","047","27060","Ithaca, NY","36","New York","109","Tompkins","42.4006","-76.6538"
"01/29/2023","AQS","361099991","1","0.038","ppm","35","Connecticut Hill","17","100.0000","44201","Ozone","047","27060","Ithaca, NY","36","New York","109","Tompkins","42.4006","-76.6538"
"01/30/2023","AQS","361099991","1","0.032","ppm","30","Connecticut Hill","17","100.0000","44201","Ozone","047","27060","Ithaca, NY","36","New York","109","Tompkins","42.4006","-76.6538"
"01/31/2023","AQS","361099991","1","0.038","ppm","35","Connecticut Hill","17","100.0000","44201","Ozone","047","27060","Ithaca, NY","36","New York","109","Tompkins","42.4006","-76.6538"
"02/01/2023","AQS","361099991","1","0.039","ppm","36","Connecticut Hill","17","100.0000","44201","Ozone","047","27060","Ithaca, NY","36","New York","109","Tompkins","42.4006","-76.6538"
"02/02/2023","AQS","361099991","1","0.04","ppm","37","Connecticut Hill","17","100.0000","44201","Ozone","047","27060","Ithaca, NY","36","New York","109","Tompkins","42.4006","-76.6538"
"02/03/2023","AQS","361099991","1","0.036","ppm","33","Connecticut Hill","17","100.0000","44201","Ozone","047","27060","Ithaca, NY","36","New York","109","Tompkins","42.4006","-76.6538"
"02/04/2023","AQS","361099991","1","0.033","ppm","31","Connecticut Hill","17","100.0000","44201","Ozone","047","27060","Ithaca, NY","36","New York","109","Tompkins","42.4006","-76.6538"
"02/05/2023","AQS","361099991","1","0.039","ppm","36","Connecticut Hill","17","100.0000","44201","Ozone","047","27060","Ithaca, NY","36","New York","109","Tompkins","42.4006","-76.6538"
"02/06/2023","AQS","361099991","1","0.032","ppm","30","Connecticut Hill","17","100.0000","44201","Ozone","047","27060","Ithaca, NY","36","New York","109","Tompkins","42.4006","-76.6538"
"02/07/2023","AQS","361099991","1","0.034","ppm","31","Connecticut Hill","17","100.0000","44201","Ozone","047","27060","Ithaca, NY","36","New York","109","Tompkins","42.4006","-76.6538"
"02/08/2023","AQS","361099991","1","0.04","ppm","37","Connecticut Hill","17","100.0000","44201","Ozone","047","27060","Ithaca, NY","36","New York","109","Tompkins","42.4006","-76.6538"
"02/09/2023","AQS","361099991","1","0.037","ppm","34","Connecticut Hill","17","100.0000","44201","Ozone","047","27060","Ithaca, NY","36","New York","109","Tompkins","42.4006","-76.6538"
"02/10/2023","AQS","361099991","1","0.036","ppm","33","Connecticut Hill","17","100.0000","44201","Ozone","047","27060","Ithaca, NY","36","New York","109","Tompkins","42.4006","-76.6538"
"02/11/2023","AQS","361099991","1","0.036","ppm","33","Connecticut Hill","17","100.0000","44201","Ozone","047","27060","Ithaca, NY","36","New York","109","Tompkins","42.4006","-76.6538"
"02/12/2023","AQS","361099991","1","0.041","ppm","38","Connecticut Hill","17","100.0000","44201","Ozone","047","27060","Ithaca, NY","36","New York","109","Tompkins","42.4006","-76.6538"
"02/13/2023","AQS","361099991","1","0.043","ppm","40","Connecticut Hill","17","100.0000","44201","Ozone","047","27060","Ithaca, NY","36","New York","109","Tompkins","42.4006","-76.6538"
"02/14/2023","AQS","361099991","1","0.043","ppm","40","Connecticut Hill","17","100.0000","44201","Ozone","047","27060","Ithaca, NY","36","New York","109","Tompkins","42.4006","-76.6538"
"02/15/2023","AQS","361099991","1","0.048","ppm","44","Connecticut Hill","17","100.0000","44201","Ozone","047","27060","Ithaca, NY","36","New York","109","Tompkins","42.4006","-76.6538"
"02/16/2023","AQS","361099991","1","0.035","ppm","32","Connecticut Hill","17","100.0000","44201","Ozone","047","27060","Ithaca, NY","36","New York","109","Tompkins","42.4006","-76.6538"
"02/17/2023","AQS","361099991","1","0.036","ppm","33","Connecticut Hill","17","100.0000","44201","Ozone","047","27060","Ithaca, NY","36","New York","109","Tompkins","42.4006","-76.6538"
"02/18/2023","AQS","361099991","1","0.04","ppm","37","Connecticut Hill","17","100.0000","44201","Ozone","047","27060","Ithaca, NY","36","New York","109","Tompkins","42.4006","-76.6538"
"02/19/2023","AQS","361099991","1","0.038","ppm","35","Connecticut Hill","17","100.0000","44201","Ozone","047","27060","Ithaca, NY","36","New York","109","Tompkins","42.4006","-76.6538"
"02/20/2023","AQS","361099991","1","0.038","ppm","35","Connecticut Hill","17","100.0000","44201","Ozone","047","27060","Ithaca, NY","36","New York","109","Tompkins","42.4006","-76.6538"
"02/21/2023","AQS","361099991","1","0.037","ppm","34","Connecticut Hill","13","76.0000","44201","Ozone","047","27060","Ithaca, NY","36","New York","109","Tompkins","42.4006","-76.6538"
"02/22/2023","AQS","361099991","1","0.03","ppm","28","Connecticut Hill","17","100.0000","44201","Ozone","047","27060","Ithaca, NY","36","New York","109","Tompkins","42.4006","-76.6538"
"02/23/2023","AQS","361099991","1","0.029","ppm","27","Connecticut Hill","17","100.0000","44201","Ozone","047","27060","Ithaca, NY","36","New York","109","Tompkins","42.4006","-76.6538"
"02/24/2023","AQS","361099991","1","0.037","ppm","34","Connecticut Hill","17","100.0000","44201","Ozone","047","27060","Ithaca, NY","36","New York","109","Tompkins","42.4006","-76.6538"
"02/25/2023","AQS","361099991","1","0.035","ppm","32","Connecticut Hill","17","100.0000","44201","Ozone","047","27060","Ithaca, NY","36","New York","109","Tompkins","42.4006","-76.6538"
"02/26/2023","AQS","361099991","1","0.042","ppm","39","Connecticut Hill","17","100.0000","44201","Ozone","047","27060","Ithaca, NY","36","New York","109","Tompkins","42.4006","-76.6538"
"02/27/2023","AQS","361099991","1","0.041","ppm","38","Connecticut Hill","17","100.0000","44201","Ozone","047","27060","Ithaca, NY","36","New York","109","Tompkins","42.4006","-76.6538"
"02/28/2023","AQS","361099991","1","0.04","ppm","37","Connecticut Hill","17","100.0000","44201","Ozone","047","27060","Ithaca, NY","36","New York","109","Tompkins","42.4006","-76.6538"
"03/01/2023","AQS","361099991","1","0.038","ppm","35","Connecticut Hill","17","100.0000","44201","Ozone","047","27060","Ithaca, NY","36","New York","109","Tompkins","42.4006","-76.6538"
"03/02/2023","AQS","361099991","1","0.041","ppm","38","Connecticut Hill","17","100.0000","44201","Ozone","047","27060","Ithaca, NY","36","New York","109","Tompkins","42.4006","-76.6538"
"03/03/2023","AQS","361099991","1","0.04","ppm","37","Connecticut Hill","17","100.0000","44201","Ozone","047","27060","Ithaca, NY","36","New York","109","Tompkins","42.4006","-76.6538"
"03/04/2023","AQS","361099991","1","0.042","ppm","39","Connecticut Hill","17","100.0000","44201","Ozone","047","27060","Ithaca, NY","36","New York","109","Tompkins","42.4006","-76.6538"
"03/05/2023","AQS","361099991","1","0.043","ppm","40","Connecticut Hill","17","100.0000","44201","Ozone","047","27060","Ithaca, NY","36","New York","109","Tompkins","42.4006","-76.6538"
"03/06/2023","AQS","361099991","1","0.04","ppm","37","Connecticut Hill","17","100.0000","44201","Ozone","047","27060","Ithaca, NY","36","New York","109","Tompkins","42.4006","-76.6538"
"03/07/2023","AQS","361099991","1","0.044","ppm","41","Connecticut Hill","17","100.0000","44201","Ozone","047","27060","Ithaca, NY","36","New York","109","Tompkins","42.4006","-76.6538"
"03/08/2023","AQS","361099991","1","0.04","ppm","37","Connecticut Hill","17","100.0000","44201","Ozone","047","27060","Ithaca, NY","36","New York","109","Tompkins","42.4006","-76.6538"
"03/09/2023","AQS","361099991","1","0.037","ppm","34","Connecticut Hill","17","100.0000","44201","Ozone","047","27060","Ithaca, NY","36","New York","109","Tompkins","42.4006","-76.6538"
"03/10/2023","AQS","361099991","1","0.033","ppm","31","Connecticut Hill","17","100.0000","44201","Ozone","047","27060","Ithaca, NY","36","New York","109","Tompkins","42.4006","-76.6538"
"03/11/2023","AQS","361099991","1","0.039","ppm","36","Connecticut Hill","17","100.0000","44201","Ozone","047","27060","Ithaca, NY","36","New York","109","Tompkins","42.4006","-76.6538"
"03/12/2023","AQS","361099991","1","0.04","ppm","37","Connecticut Hill","17","100.0000","44201","Ozone","047","27060","Ithaca, NY","36","New York","109","Tompkins","42.4006","-76.6538"
"03/13/2023","AQS","361099991","1","0.039","ppm","36","Connecticut Hill","17","100.0000","44201","Ozone","047","27060","Ithaca, NY","36","New York","109","Tompkins","42.4006","-76.6538"
"03/14/2023","AQS","361099991","1","0.04","ppm","37","Connecticut Hill","17","100.0000","44201","Ozone","047","27060","Ithaca, NY","36","New York","109","Tompkins","42.4006","-76.6538"
"03/15/2023","AQS","361099991","1","0.049","ppm","45","Connecticut Hill","17","100.0000","44201","Ozone","047","27060","Ithaca, NY","36","New York","109","Tompkins","42.4006","-76.6538"
"03/16/2023","AQS","361099991","1","0.054","ppm","50","Connecticut Hill","17","100.0000","44201","Ozone","047","27060","Ithaca, NY","36","New York","109","Tompkins","42.4006","-76.6538"
"03/17/2023","AQS","361099991","1","0.045","ppm","42","Connecticut Hill","17","100.0000","44201","Ozone","047","27060","Ithaca, NY","36","New York","109","Tompkins","42.4006","-76.6538"
"03/18/2023","AQS","361099991","1","0.043","ppm","40","Connecticut Hill","17","100.0000","44201","Ozone","047","27060","Ithaca, NY","36","New York","109","Tompkins","42.4006","-76.6538"
"03/19/2023","AQS","361099991","1","0.044","ppm","41","Connecticut Hill","17","100.0000","44201","Ozone","047","27060","Ithaca, NY","36","New York","109","Tompkins","42.4006","-76.6538"
"03/20/2023","AQS","361099991","1","0.047","ppm","44","Connecticut Hill","17","100.0000","44201","Ozone","047","27060","Ithaca, NY","36","New York","109","Tompkins","42.4006","-76.6538"
"03/21/2023","AQS","361099991","1","0.051","ppm","47","Connecticut Hill","17","100.0000","44201","Ozone","047","27060","Ithaca, NY","36","New York","109","Tompkins","42.4006","-76.6538"
"03/22/2023","AQS","361099991","1","0.048","ppm","44","Connecticut Hill","17","100.0000","44201","Ozone","047","27060","Ithaca, NY","36","New York","109","Tompkins","42.4006","-76.6538"
"03/23/2023","AQS","361099991","1","0.034","ppm","31","Connecticut Hill","17","100.0000","44201","Ozone","047","27060","Ithaca, NY","36","New York","109","Tompkins","42.4006","-76.6538"
"03/24/2023","AQS","361099991","1","0.04","ppm","37","Connecticut Hill","17","100.0000","44201","Ozone","047","27060","Ithaca, NY","36","New York","109","Tompkins","42.4006","-76.6538"
"03/25/2023","AQS","361099991","1","0.045","ppm","42","Connecticut Hill","17","100.0000","44201","Ozone","047","27060","Ithaca, NY","36","New York","109","Tompkins","42.4006","-76.6538"
"03/26/2023","AQS","361099991","1","0.05","ppm","46","Connecticut Hill","17","100.0000","44201","Ozone","047","27060","Ithaca, NY","36","New York","109","Tompkins","42.4006","-76.6538"
"03/27/2023","AQS","361099991","1","0.046","ppm","43","Connecticut Hill","17","100.0000","44201","Ozone","047","27060","Ithaca, NY","36","New York","109","Tompkins","42.4006","-76.6538"
"03/28/2023","AQS","361099991","1","0.045","ppm","42","Connecticut Hill","17","100.0000","44201","Ozone","047","27060","Ithaca, NY","36","New York","109","Tompkins","42.4006","-76.6538"
"03/29/2023","AQS","361099991","1","0.05","ppm","46","Connecticut Hill","17","100.0000","44201","Ozone","047","27060","Ithaca, NY","36","New York","109","Tompkins","42.4006","-76.6538"
"03/30/2023","AQS","361099991","1","0.047","ppm","44","Connecticut Hill","17","100.0000","44201","Ozone","047","27060","Ithaca, NY","36","New York","109","Tompkins","42.4006","-76.6538"
"03/31/2023","AQS","361099991","1","0.041","ppm","38","Connecticut Hill","17","100.0000","44201","Ozone","047","27060","Ithaca, NY","36","New York","109","Tompkins","42.4006","-76.6538"
"04/02/2023","AQS","361099991","1","0.047","ppm","44","Connecticut Hill","17","100.0000","44201","Ozone","047","27060","Ithaca, NY","36","New York","109","Tompkins","42.4006","-76.6538"
"04/03/2023","AQS","361099991","1","0.05","ppm","46","Connecticut Hill","17","100.0000","44201","Ozone","047","27060","Ithaca, NY","36","New York","109","Tompkins","42.4006","-76.6538"
"04/04/2023","AQS","361099991","1","0.041","ppm","38","Connecticut Hill","17","100.0000","44201","Ozone","047","27060","Ithaca, NY","36","New York","109","Tompkins","42.4006","-76.6538"
"04/05/2023","AQS","361099991","1","0.046","ppm","43","Connecticut Hill","17","100.0000","44201","Ozone","047","27060","Ithaca, NY","36","New York","109","Tompkins","42.4006","-76.6538"
"04/06/2023","AQS","361099991","1","0.044","ppm","41","Connecticut Hill","17","100.0000","44201","Ozone","047","27060","Ithaca, NY","36","New York","109","Tompkins","42.4006","-76.6538"
"04/07/2023","AQS","361099991","1","0.047","ppm","44","Connecticut Hill","17","100.0000","44201","Ozone","047","27060","Ithaca, NY","36","New York","109","Tompkins","42.4006","-76.6538"
"04/08/2023","AQS","361099991","1","0.046","ppm","43","Connecticut Hill","17","100.0000","44201","Ozone","047","27060","Ithaca, NY","36","New York","109","Tompkins","42.4006","-76.6538"
"04/09/2023","AQS","361099991","1","0.05","ppm","46","Connecticut Hill","17","100.0000","44201","Ozone","047","27060","Ithaca, NY","36","New York","109","Tompkins","42.4006","-76.6538"
"04/10/2023","AQS","361099991","1","0.057","ppm","58","Connecticut Hill","17","100.0000","44201","Ozone","047","27060","Ithaca, NY","36","New York","109","Tompkins","42.4006","-76.6538"
"04/11/2023","AQS","361099991","1","0.059","ppm","64","Connecticut Hill","17","100.0000","44201","Ozone","047","27060","Ithaca, NY","36","New York","109","Tompkins","42.4006","-76.6538"
"04/12/2023","AQS","361099991","1","0.06","ppm","67","Connecticut Hill","17","100.0000","44201","Ozone","047","27060","Ithaca, NY","36","New York","109","Tompkins","42.4006","-76.6538"
"04/13/2023","AQS","361099991","1","0.062","ppm","74","Connecticut Hill","17","100.0000","44201","Ozone","047","27060","Ithaca, NY","36","New York","109","Tompkins","42.4006","-76.6538"
"04/14/2023","AQS","361099991","1","0.07","ppm","100","Connecticut Hill","17","100.0000","44201","Ozone","047","27060","Ithaca, NY","36","New York","109","Tompkins","42.4006","-76.6538"
"04/15/2023","AQS","361099991","1","0.052","ppm","48","Connecticut Hill","17","100.0000","44201","Ozone","047","27060","Ithaca, NY","36","New York","109","Tompkins","42.4006","-76.6538"
"04/16/2023","AQS","361099991","1","0.053","ppm","49","Connecticut Hill","17","100.0000","44201","Ozone","047","27060","Ithaca, NY","36","New York","109","Tompkins","42.4006","-76.6538"
"04/17/2023","AQS","361099991","1","0.041","ppm","38","Connecticut Hill","17","100.0000","44201","Ozone","047","27060","Ithaca, NY","36","New York","109","Tompkins","42.4006","-76.6538"
"04/18/2023","AQS","361099991","1","0.036","ppm","33","Connecticut Hill","17","100.0000","44201","Ozone","047","27060","Ithaca, NY","36","New York","109","Tompkins","42.4006","-76.6538"
"04/19/2023","AQS","361099991","1","0.042","ppm","39","Connecticut Hill","17","100.0000","44201","Ozone","047","27060","Ithaca, NY","36","New York","109","Tompkins","42.4006","-76.6538"
"04/20/2023","AQS","361099991","1","0.055","ppm","51","Connecticut Hill","17","100.0000","44201","Ozone","047","27060","Ithaca, NY","36","New York","109","Tompkins","42.4006","-76.6538"
"04/21/2023","AQS","361099991","1","0.067","ppm","90","Connecticut Hill","17","100.0000","44201","Ozone","047","27060","Ithaca, NY","36","New York","109","Tompkins","42.4006","-76.6538"
"04/22/2023","AQS","361099991","1","0.053","ppm","49","Connecticut Hill","17","100.0000","44201","Ozone","047","27060","Ithaca, NY","36","New York","109","Tompkins","42.4006","-76.6538"
"04/23/2023","AQS","361099991","1","0.036","ppm","33","Connecticut Hill","17","100.0000","44201","Ozone","047","27060","Ithaca, NY","36","New York","109","Tompkins","42.4006","-76.6538"
"04/24/2023","AQS","361099991","1","0.037","ppm","34","Connecticut Hill","17","100.0000","44201","Ozone","047","27060","Ithaca, NY","36","New York","109","Tompkins","42.4006","-76.6538"
"04/25/2023","AQS","361099991","1","0.042","ppm","39","Connecticut Hill","17","100.0000","44201","Ozone","047","27060","Ithaca, NY","36","New York","109","Tompkins","42.4006","-76.6538"
"04/26/2023","AQS","361099991","1","0.044","ppm","41","Connecticut Hill","17","100.0000","44201","Ozone","047","27060","Ithaca, NY","36","New York","109","Tompkins","42.4006","-76.6538"
"04/27/2023","AQS","361099991","1","0.051","ppm","47","Connecticut Hill","17","100.0000","44201","Ozone","047","27060","Ithaca, NY","36","New York","109","Tompkins","42.4006","-76.6538"
"04/28/2023","AQS","361099991","1","0.051","ppm","47","Connecticut Hill","17","100.0000","44201","Ozone","047","27060","Ithaca, NY","36","New York","109","Tompkins","42.4006","-76.6538"
"04/29/2023","AQS","361099991","1","0.041","ppm","38","Connecticut Hill","17","100.0000","44201","Ozone","047","27060","Ithaca, NY","36","New York","109","Tompkins","42.4006","-76.6538"
"04/30/2023","AQS","361099991","1","0.041","ppm","38","Connecticut Hill","17","100.0000","44201","Ozone","047","27060","Ithaca, NY","36","New York","109","Tompkins","42.4006","-76.6538"
"05/01/2023","AQS","361099991","1","0.034","ppm","31","Connecticut Hill","17","100.0000","44201","Ozone","047","27060","Ithaca, NY","36","New York","109","Tompkins","42.4006","-76.6538"
"05/02/2023","AQS","361099991","1","0.03","ppm","28","Connecticut Hill","17","100.0000","44201","Ozone","047","27060","Ithaca, NY","36","New York","109","Tompkins","42.4006","-76.6538"
"05/03/2023","AQS","361099991","1","0.031","ppm","29","Connecticut Hill","17","100.0000","44201","Ozone","047","27060","Ithaca, NY","36","New York","109","Tompkins","42.4006","-76.6538"
"05/04/2023","AQS","361099991","1","0.032","ppm","30","Connecticut Hill","17","100.0000","44201","Ozone","047","27060","Ithaca, NY","36","New York","109","Tompkins","42.4006","-76.6538"
"05/05/2023","AQS","361099991","1","0.037","ppm","34","Connecticut Hill","17","100.0000","44201","Ozone","047","27060","Ithaca, NY","36","New York","109","Tompkins","42.4006","-76.6538"
"05/06/2023","AQS","361099991","1","0.043","ppm","40","Connecticut Hill","17","100.0000","44201","Ozone","047","27060","Ithaca, NY","36","New York","109","Tompkins","42.4006","-76.6538"
"05/07/2023","AQS","361099991","1","0.045","ppm","42","Connecticut Hill","17","100.0000","44201","Ozone","047","27060","Ithaca, NY","36","New York","109","Tompkins","42.4006","-76.6538"
"05/08/2023","AQS","361099991","1","0.048","ppm","44","Connecticut Hill","17","100.0000","44201","Ozone","047","27060","Ithaca, NY","36","New York","109","Tompkins","42.4006","-76.6538"
"05/09/2023","AQS","361099991","1","0.042","ppm","39","Connecticut Hill","17","100.0000","44201","Ozone","047","27060","Ithaca, NY","36","New York","109","Tompkins","42.4006","-76.6538"
"05/10/2023","AQS","361099991","1","0.047","ppm","44","Connecticut Hill","17","100.0000","44201","Ozone","047","27060","Ithaca, NY","36","New York","109","Tompkins","42.4006","-76.6538"
"05/11/2023","AQS","361099991","1","0.055","ppm","51","Connecticut Hill","17","100.0000","44201","Ozone","047","27060","Ithaca, NY","36","New York","109","Tompkins","42.4006","-76.6538"
"05/12/2023","AQS","361099991","1","0.065","ppm","84","Connecticut Hill","17","100.0000","44201","Ozone","047","27060","Ithaca, NY","36","New York","109","Tompkins","42.4006","-76.6538"
"05/13/2023","AQS","361099991","1","0.044","ppm","41","Connecticut Hill","17","100.0000","44201","Ozone","047","27060","Ithaca, NY","36","New York","109","Tompkins","42.4006","-76.6538"
"05/14/2023","AQS","361099991","1","0.037","ppm","34","Connecticut Hill","17","100.0000","44201","Ozone","047","27060","Ithaca, NY","36","New York","109","Tompkins","42.4006","-76.6538"
"05/15/2023","AQS","361099991","1","0.047","ppm","44","Connecticut Hill","17","100.0000","44201","Ozone","047","27060","Ithaca, NY","36","New York","109","Tompkins","42.4006","-76.6538"
"05/16/2023","AQS","361099991","1","0.053","ppm","49","Connecticut Hill","17","100.0000","44201","Ozone","047","27060","Ithaca, NY","36","New York","109","Tompkins","42.4006","-76.6538"
"05/17/2023","AQS","361099991","1","0.04","ppm","37","Connecticut Hill","17","100.0000","44201","Ozone","047","27060","Ithaca, NY","36","New York","109","Tompkins","42.4006","-76.6538"
"05/18/2023","AQS","361099991","1","0.05","ppm","46","Connecticut Hill","17","100.0000","44201","Ozone","047","27060","Ithaca, NY","36","New York","109","Tompkins","42.4006","-76.6538"
"05/19/2023","AQS","361099991","1","0.052","ppm","48","Connecticut Hill","17","100.0000","44201","Ozone","047","27060","Ithaca, NY","36","New York","109","Tompkins","42.4006","-76.6538"
"05/20/2023","AQS","361099991","1","0.041","ppm","38","Connecticut Hill","17","100.0000","44201","Ozone","047","27060","Ithaca, NY","36","New York","109","Tompkins","42.4006","-76.6538"
"05/21/2023","AQS","361099991","1","0.045","ppm","42","Connecticut Hill","17","100.0000","44201","Ozone","047","27060","Ithaca, NY","36","New York","109","Tompkins","42.4006","-76.6538"
"05/22/2023","AQS","361099991","1","0.04","ppm","37","Connecticut Hill","17","100.0000","44201","Ozone","047","27060","Ithaca, NY","36","New York","109","Tompkins","42.4006","-76.6538"
"05/23/2023","AQS","361099991","1","0.049","ppm","45","Connecticut Hill","17","100.0000","44201","Ozone","047","27060","Ithaca, NY","36","New York","109","Tompkins","42.4006","-76.6538"
"05/24/2023","AQS","361099991","1","0.046","ppm","43","Connecticut Hill","17","100.0000","44201","Ozone","047","27060","Ithaca, NY","36","New York","109","Tompkins","42.4006","-76.6538"
"05/25/2023","AQS","361099991","1","0.031","ppm","29","Connecticut Hill","17","100.0000","44201","Ozone","047","27060","Ithaca, NY","36","New York","109","Tompkins","42.4006","-76.6538"
"05/26/2023","AQS","361099991","1","0.044","ppm","41","Connecticut Hill","17","100.0000","44201","Ozone","047","27060","Ithaca, NY","36","New York","109","Tompkins","42.4006","-76.6538"
"05/27/2023","AQS","361099991","1","0.05","ppm","46","Connecticut Hill","17","100.0000","44201","Ozone","047","27060","Ithaca, NY","36","New York","109","Tompkins","42.4006","-76.6538"
"05/28/2023","AQS","361099991","1","0.069","ppm","97","Connecticut Hill","17","100.0000","44201","Ozone","047","27060","Ithaca, NY","36","New York","109","Tompkins","42.4006","-76.6538"
"05/29/2023","AQS","361099991","1","0.056","ppm","54","Connecticut Hill","17","100.0000","44201","Ozone","047","27060","Ithaca, NY","36","New York","109","Tompkins","42.4006","-76.6538"
"05/30/2023","AQS","361099991","1","0.059","ppm","64","Connecticut Hill","17","100.0000","44201","Ozone","047","27060","Ithaca, NY","36","New York","109","Tompkins","42.4006","-76.6538"
"05/31/2023","AQS","361099991","1","0.063","ppm","77","Connecticut Hill","17","100.0000","44201","Ozone","047","27060","Ithaca, NY","36","New York","109","Tompkins","42.4006","-76.6538"
"06/01/2023","AQS","361099991","1","0.064","ppm","80","Connecticut Hill","17","100.0000","44201","Ozone","047","27060","Ithaca, NY","36","New York","109","Tompkins","42.4006","-76.6538"
"06/02/2023","AQS","361099991","1","0.062","ppm","74","Connecticut Hill","17","100.0000","44201","Ozone","047","27060","Ithaca, NY","36","New York","109","Tompkins","42.4006","-76.6538"
"06/03/2023","AQS","361099991","1","0.034","ppm","31","Connecticut Hill","17","100.0000","44201","Ozone","047","27060","Ithaca, NY","36","New York","109","Tompkins","42.4006","-76.6538"
"06/04/2023","AQS","361099991","1","0.046","ppm","43","Connecticut Hill","17","100.0000","44201","Ozone","047","27060","Ithaca, NY","36","New York","109","Tompkins","42.4006","-76.6538"
"06/05/2023","AQS","361099991","1","0.048","ppm","44","Connecticut Hill","17","100.0000","44201","Ozone","047","27060","Ithaca, NY","36","New York","109","Tompkins","42.4006","-76.6538"
"06/06/2023","AQS","361099991","1","0.045","ppm","42","Connecticut Hill","17","100.0000","44201","Ozone","047","27060","Ithaca, NY","36","New York","109","Tompkins","42.4006","-76.6538"
"06/07/2023","AQS","361099991","1","0.042","ppm","39","Connecticut Hill","17","100.0000","44201","Ozone","047","27060","Ithaca, NY","36","New York","109","Tompkins","42.4006","-76.6538"
"06/08/2023","AQS","361099991","1","0.026","ppm","24","Connecticut Hill","17","100.0000","44201","Ozone","047","27060","Ithaca, NY","36","New York","109","Tompkins","42.4006","-76.6538"
"06/09/2023","AQS","361099991","1","0.022","ppm","20","Connecticut Hill","17","100.0000","44201","Ozone","047","27060","Ithaca, NY","36","New York","109","Tompkins","42.4006","-76.6538"
"06/10/2023","AQS","361099991","1","0.046","ppm","43","Connecticut Hill","17","100.0000","44201","Ozone","047","27060","Ithaca, NY","36","New York","109","Tompkins","42.4006","-76.6538"
"06/11/2023","AQS","361099991","1","0.058","ppm","61","Connecticut Hill","17","100.0000","44201","Ozone","047","27060","Ithaca, NY","36","New York","109","Tompkins","42.4006","-76.6538"
"06/12/2023","AQS","361099991","1","0.047","ppm","44","Connecticut Hill","17","100.0000","44201","Ozone","047","27060","Ithaca, NY","36","New York","109","Tompkins","42.4006","-76.6538"
"06/13/2023","AQS","361099991","1","0.045","ppm","42","Connecticut Hill","17","100.0000","44201","Ozone","047","27060","Ithaca, NY","36","New York","109","Tompkins","42.4006","-76.6538"
"06/14/2023","AQS","361099991","1","0.04","ppm","37","Connecticut Hill","17","100.0000","44201","Ozone","047","27060","Ithaca, NY","36","New York","109","Tompkins","42.4006","-76.6538"
"06/15/2023","AQS","361099991","1","0.048","ppm","44","Connecticut Hill","17","100.0000","44201","Ozone","047","27060","Ithaca, NY","36","New York","109","Tompkins","42.4006","-76.6538"
"06/16/2023","AQS","361099991","1","0.038","ppm","35","Connecticut Hill","17","100.0000","44201","Ozone","047","27060","Ithaca, NY","36","New York","109","Tompkins","42.4006","-76.6538"
"06/17/2023","AQS","361099991","1","0.042","ppm","39","Connecticut Hill","17","100.0000","44201","Ozone","047","27060","Ithaca, NY","36","New York","109","Tompkins","42.4006","-76.6538"
"06/18/2023","AQS","361099991","1","0.034","ppm","31","Connecticut Hill","17","100.0000","44201","Ozone","047","27060","Ithaca, NY","36","New York","109","Tompkins","42.4006","-76.6538"
"06/19/2023","AQS","361099991","1","0.044","ppm","41","Connecticut Hill","17","100.0000","44201","Ozone","047","27060","Ithaca, NY","36","New York","109","Tompkins","42.4006","-76.6538"
"06/20/2023","AQS","361099991","1","0.059","ppm","64","Connecticut Hill","17","100.0000","44201","Ozone","047","27060","Ithaca, NY","36","New York","109","Tompkins","42.4006","-76.6538"
"06/21/2023","AQS","361099991","1","0.048","ppm","44","Connecticut Hill","17","100.0000","44201","Ozone","047","27060","Ithaca, NY","36","New York","109","Tompkins","42.4006","-76.6538"
"06/22/2023","AQS","361099991","1","0.036","ppm","33","Connecticut Hill","17","100.0000","44201","Ozone","047","27060","Ithaca, NY","36","New York","109","Tompkins","42.4006","-76.6538"
"06/23/2023","AQS","361099991","1","0.03","ppm","28","Connecticut Hill","17","100.0000","44201","Ozone","047","27060","Ithaca, NY","36","New York","109","Tompkins","42.4006","-76.6538"
"06/24/2023","AQS","361099991","1","0.027","ppm","25","Connecticut Hill","17","100.0000","44201","Ozone","047","27060","Ithaca, NY","36","New York","109","Tompkins","42.4006","-76.6538"
"06/25/2023","AQS","361099991","1","0.033","ppm","31","Connecticut Hill","17","100.0000","44201","Ozone","047","27060","Ithaca, NY","36","New York","109","Tompkins","42.4006","-76.6538"
"06/26/2023","AQS","361099991","1","0.043","ppm","40","Connecticut Hill","17","100.0000","44201","Ozone","047","27060","Ithaca, NY","36","New York","109","Tompkins","42.4006","-76.6538"
"06/27/2023","AQS","361099991","1","0.041","ppm","38","Connecticut Hill","17","100.0000","44201","Ozone","047","27060","Ithaca, NY","36","New York","109","Tompkins","42.4006","-76.6538"
"06/28/2023","AQS","361099991","1","0.038","ppm","35","Connecticut Hill","17","100.0000","44201","Ozone","047","27060","Ithaca, NY","36","New York","109","Tompkins","42.4006","-76.6538"
"06/29/2023","AQS","361099991","1","0.059","ppm","64","Connecticut Hill","17","100.0000","44201","Ozone","047","27060","Ithaca, NY","36","New York","109","Tompkins","42.4006","-76.6538"
"06/30/2023","AQS","361099991","1","0.065","ppm","84","Connecticut Hill","17","100.0000","44201","Ozone","047","27060","Ithaca, NY","36","New York","109","Tompkins","42.4006","-76.6538"
"07/01/2023","AQS","361099991","1","0.042","ppm","39","Connecticut Hill","17","100.0000","44201","Ozone","047","27060","Ithaca, NY","36","New York","109","Tompkins","42.4006","-76.6538"
"07/02/2023","AQS","361099991","1","0.045","ppm","42","Connecticut Hill","17","100.0000","44201","Ozone","047","27060","Ithaca, NY","36","New York","109","Tompkins","42.4006","-76.6538"
"07/03/2023","AQS","361099991","1","0.037","ppm","34","Connecticut Hill","17","100.0000","44201","Ozone","047","27060","Ithaca, NY","36","New York","109","Tompkins","42.4006","-76.6538"
"07/04/2023","AQS","361099991","1","0.045","ppm","42","Connecticut Hill","17","100.0000","44201","Ozone","047","27060","Ithaca, NY","36","New York","109","Tompkins","42.4006","-76.6538"
"07/05/2023","AQS","361099991","1","0.047","ppm","44","Connecticut Hill","17","100.0000","44201","Ozone","047","27060","Ithaca, NY","36","New York","109","Tompkins","42.4006","-76.6538"
"07/06/2023","AQS","361099991","1","0.051","ppm","47","Connecticut Hill","17","100.0000","44201","Ozone","047","27060","Ithaca, NY","36","New York","109","Tompkins","42.4006","-76.6538"
"07/07/2023","AQS","361099991","1","0.046","ppm","43","Connecticut Hill","17","100.0000","44201","Ozone","047","27060","Ithaca, NY","36","New York","109","Tompkins","42.4006","-76.6538"
"07/08/2023","AQS","361099991","1","0.043","ppm","40","Connecticut Hill","17","100.0000","44201","Ozone","047","27060","Ithaca, NY","36","New York","109","Tompkins","42.4006","-76.6538"
"07/09/2023","AQS","361099991","1","0.035","ppm","32","Connecticut Hill","17","100.0000","44201","Ozone","047","27060","Ithaca, NY","36","New York","109","Tompkins","42.4006","-76.6538"
"07/10/2023","AQS","361099991","1","0.037","ppm","34","Connecticut Hill","17","100.0000","44201","Ozone","047","27060","Ithaca, NY","36","New York","109","Tompkins","42.4006","-76.6538"
"07/11/2023","AQS","361099991","1","0.056","ppm","54","Connecticut Hill","17","100.0000","44201","Ozone","047","27060","Ithaca, NY","36","New York","109","Tompkins","42.4006","-76.6538"
"07/12/2023","AQS","361099991","1","0.046","ppm","43","Connecticut Hill","17","100.0000","44201","Ozone","047","27060","Ithaca, NY","36","New York","109","Tompkins","42.4006","-76.6538"
"07/13/2023","AQS","361099991","1","0.044","ppm","41","Connecticut Hill","17","100.0000","44201","Ozone","047","27060","Ithaca, NY","36","New York","109","Tompkins","42.4006","-76.6538"
"07/14/2023","AQS","361099991","1","0.042","ppm","39","Connecticut Hill","17","100.0000","44201","Ozone","047","27060","Ithaca, NY","36","New York","109","Tompkins","42.4006","-76.6538"
"07/15/2023","AQS","361099991","1","0.049","ppm","45","Connecticut Hill","17","100.0000","44201","Ozone","047","27060","Ithaca, NY","36","New York","109","Tompkins","42.4006","-76.6538"
"07/16/2023","AQS","361099991","1","0.042","ppm","39","Connecticut Hill","17","100.0000","44201","Ozone","047","27060","Ithaca, NY","36","New York","109","Tompkins","42.4006","-76.6538"
"07/17/2023","AQS","361099991","1","0.045","ppm","42","Connecticut Hill","17","100.0000","44201","Ozone","047","27060","Ithaca, NY","36","New York","109","Tompkins","42.4006","-76.6538"
"07/18/2023","AQS","361099991","1","0.044","ppm","41","Connecticut Hill","17","100.0000","44201","Ozone","047","27060","Ithaca, NY","36","New York","109","Tompkins","42.4006","-76.6538"
"07/19/2023","AQS","361099991","1","0.041","ppm","38","Connecticut Hill","17","100.0000","44201","Ozone","047","27060","Ithaca, NY","36","New York","109","Tompkins","42.4006","-76.6538"
"07/20/2023","AQS","361099991","1","0.055","ppm","51","Connecticut Hill","17","100.0000","44201","Ozone","047","27060","Ithaca, NY","36","New York","109","Tompkins","42.4006","-76.6538"
"07/21/2023","AQS","361099991","1","0.043","ppm","40","Connecticut Hill","17","100.0000","44201","Ozone","047","27060","Ithaca, NY","36","New York","109","Tompkins","42.4006","-76.6538"
"07/22/2023","AQS","361099991","1","0.038","ppm","35","Connecticut Hill","17","100.0000","44201","Ozone","047","27060","Ithaca, NY","36","New York","109","Tompkins","42.4006","-76.6538"
"07/23/2023","AQS","361099991","1","0.042","ppm","39","Connecticut Hill","17","100.0000","44201","Ozone","047","27060","Ithaca, NY","36","New York","109","Tompkins","42.4006","-76.6538"
"07/24/2023","AQS","361099991","1","0.052","ppm","48","Connecticut Hill","17","100.0000","44201","Ozone","047","27060","Ithaca, NY","36","New York","109","Tompkins","42.4006","-76.6538"
"07/25/2023","AQS","361099991","1","0.041","ppm","38","Connecticut Hill","17","100.0000","44201","Ozone","047","27060","Ithaca, NY","36","New York","109","Tompkins","42.4006","-76.6538"
"07/26/2023","AQS","361099991","1","0.055","ppm","51","Connecticut Hill","17","100.0000","44201","Ozone","047","27060","Ithaca, NY","36","New York","109","Tompkins","42.4006","-76.6538"
"07/27/2023","AQS","361099991","1","0.043","ppm","40","Connecticut Hill","17","100.0000","44201","Ozone","047","27060","Ithaca, NY","36","New York","109","Tompkins","42.4006","-76.6538"
"07/28/2023","AQS","361099991","1","0.044","ppm","41","Connecticut Hill","17","100.0000","44201","Ozone","047","27060","Ithaca, NY","36","New York","109","Tompkins","42.4006","-76.6538"
"07/29/2023","AQS","361099991","1","0.036","ppm","33","Connecticut Hill","17","100.0000","44201","Ozone","047","27060","Ithaca, NY","36","New York","109","Tompkins","42.4006","-76.6538"
"07/30/2023","AQS","361099991","1","0.033","ppm","31","Connecticut Hill","17","100.0000","44201","Ozone","047","27060","Ithaca, NY","36","New York","109","Tompkins","42.4006","-76.6538"
"07/31/2023","AQS","361099991","1","0.028","ppm","26","Connecticut Hill","17","100.0000","44201","Ozone","047","27060","Ithaca, NY","36","New York","109","Tompkins","42.4006","-76.6538"
"08/01/2023","AQS","361099991","1","0.033","ppm","31","Connecticut Hill","17","100.0000","44201","Ozone","047","27060","Ithaca, NY","36","New York","109","Tompkins","42.4006","-76.6538"
"08/02/2023","AQS","361099991","1","0.039","ppm","36","Connecticut Hill","17","100.0000","44201","Ozone","047","27060","Ithaca, NY","36","New York","109","Tompkins","42.4006","-76.6538"
"08/03/2023","AQS","361099991","1","0.048","ppm","44","Connecticut Hill","17","100.0000","44201","Ozone","047","27060","Ithaca, NY","36","New York","109","Tompkins","42.4006","-76.6538"
"08/04/2023","AQS","361099991","1","0.049","ppm","45","Connecticut Hill","17","100.0000","44201","Ozone","047","27060","Ithaca, NY","36","New York","109","Tompkins","42.4006","-76.6538"
"08/05/2023","AQS","361099991","1","0.035","ppm","32","Connecticut Hill","17","100.0000","44201","Ozone","047","27060","Ithaca, NY","36","New York","109","Tompkins","42.4006","-76.6538"
"08/06/2023","AQS","361099991","1","0.042","ppm","39","Connecticut Hill","17","100.0000","44201","Ozone","047","27060","Ithaca, NY","36","New York","109","Tompkins","42.4006","-76.6538"
"08/07/2023","AQS","361099991","1","0.035","ppm","32","Connecticut Hill","17","100.0000","44201","Ozone","047","27060","Ithaca, NY","36","New York","109","Tompkins","42.4006","-76.6538"
"08/09/2023","AQS","361099991","1","0.038","ppm","35","Connecticut Hill","17","100.0000","44201","Ozone","047","27060","Ithaca, NY","36","New York","109","Tompkins","42.4006","-76.6538"
"08/10/2023","AQS","361099991","1","0.034","ppm","31","Connecticut Hill","17","100.0000","44201","Ozone","047","27060","Ithaca, NY","36","New York","109","Tompkins","42.4006","-76.6538"
"08/11/2023","AQS","361099991","1","0.036","ppm","33","Connecticut Hill","17","100.0000","44201","Ozone","047","27060","Ithaca, NY","36","New York","109","Tompkins","42.4006","-76.6538"
"08/12/2023","AQS","361099991","1","0.041","ppm","38","Connecticut Hill","17","100.0000","44201","Ozone","047","27060","Ithaca, NY","36","New York","109","Tompkins","42.4006","-76.6538"
"08/13/2023","AQS","361099991","1","0.032","ppm","30","Connecticut Hill","17","100.0000","44201","Ozone","047","27060","Ithaca, NY","36","New York","109","Tompkins","42.4006","-76.6538"
"08/14/2023","AQS","361099991","1","0.028","ppm","26","Connecticut Hill","17","100.0000","44201","Ozone","047","27060","Ithaca, NY","36","New York","109","Tompkins","42.4006","-76.6538"
"08/15/2023","AQS","361099991","1","0.026","ppm","24","Connecticut Hill","17","100.0000","44201","Ozone","047","27060","Ithaca, NY","36","New York","109","Tompkins","42.4006","-76.6538"
"08/16/2023","AQS","361099991","1","0.039","ppm","36","Connecticut Hill","17","100.0000","44201","Ozone","047","27060","Ithaca, NY","36","New York","109","Tompkins","42.4006","-76.6538"
"08/17/2023","AQS","361099991","1","0.039","ppm","36","Connecticut Hill","17","100.0000","44201","Ozone","047","27060","Ithaca, NY","36","New York","109","Tompkins","42.4006","-76.6538"
"08/18/2023","AQS","361099991","1","0.033","ppm","31","Connecticut Hill","17","100.0000","44201","Ozone","047","27060","Ithaca, NY","36","New York","109","Tompkins","42.4006","-76.6538"
"08/19/2023","AQS","361099991","1","0.036","ppm","33","Connecticut Hill","17","100.0000","44201","Ozone","047","27060","Ithaca, NY","36","New York","109","Tompkins","42.4006","-76.6538"
"08/20/2023","AQS","361099991","1","0.041","ppm","38","Connecticut Hill","17","100.0000","44201","Ozone","047","27060","Ithaca, NY","36","New York","109","Tompkins","42.4006","-76.6538"
"08/21/2023","AQS","361099991","1","0.038","ppm","35","Connecticut Hill","17","100.0000","44201","Ozone","047","27060","Ithaca, NY","36","New York","109","Tompkins","42.4006","-76.6538"
"08/22/2023","AQS","361099991","1","0.03","ppm","28","Connecticut Hill","17","100.0000","44201","Ozone","047","27060","Ithaca, NY","36","New York","109","Tompkins","42.4006","-76.6538"
"08/23/2023","AQS","361099991","1","0.032","ppm","30","Connecticut Hill","17","100.0000","44201","Ozone","047","27060","Ithaca, NY","36","New York","109","Tompkins","42.4006","-76.6538"
"08/24/2023","AQS","361099991","1","0.025","ppm","23","Connecticut Hill","17","100.0000","44201","Ozone","047","27060","Ithaca, NY","36","New York","109","Tompkins","42.4006","-76.6538"
"08/25/2023","AQS","361099991","1","0.03","ppm","28","Connecticut Hill","17","100.0000","44201","Ozone","047","27060","Ithaca, NY","36","New York","109","Tompkins","42.4006","-76.6538"
"08/26/2023","AQS","361099991","1","0.03","ppm","28","Connecticut Hill","17","100.0000","44201","Ozone","047","27060","Ithaca, NY","36","New York","109","Tompkins","42.4006","-76.6538"
"08/27/2023","AQS","361099991","1","0.028","ppm","26","Connecticut Hill","17","100.0000","44201","Ozone","047","27060","Ithaca, NY","36","New York","109","Tompkins","42.4006","-76.6538"
"08/28/2023","AQS","361099991","1","0.022","ppm","20","Connecticut Hill","17","100.0000","44201","Ozone","047","27060","Ithaca, NY","36","New York","109","Tompkins","42.4006","-76.6538"
"08/29/2023","AQS","361099991","1","0.03","ppm","28","Connecticut Hill","17","100.0000","44201","Ozone","047","27060","Ithaca, NY","36","New York","109","Tompkins","42.4006","-76.6538"
"08/30/2023","AQS","361099991","1","0.03","ppm","28","Connecticut Hill","17","100.0000","44201","Ozone","047","27060","Ithaca, NY","36","New York","109","Tompkins","42.4006","-76.6538"
"08/31/2023","AQS","361099991","1","0.029","ppm","27","Connecticut Hill","17","100.0000","44201","Ozone","047","27060","Ithaca, NY","36","New York","109","Tompkins","42.4006","-76.6538"
"09/01/2023","AQS","361099991","1","0.031","ppm","29","Connecticut Hill","17","100.0000","44201","Ozone","047","27060","Ithaca, NY","36","New York","109","Tompkins","42.4006","-76.6538"
"09/02/2023","AQS","361099991","1","0.039","ppm","36","Connecticut Hill","17","100.0000","44201","Ozone","047","27060","Ithaca, NY","36","New York","109","Tompkins","42.4006","-76.6538"
"09/03/2023","AQS","361099991","1","0.049","ppm","45","Connecticut Hill","17","100.0000","44201","Ozone","047","27060","Ithaca, NY","36","New York","109","Tompkins","42.4006","-76.6538"
"09/04/2023","AQS","361099991","1","0.049","ppm","45","Connecticut Hill","17","100.0000","44201","Ozone","047","27060","Ithaca, NY","36","New York","109","Tompkins","42.4006","-76.6538"
"09/05/2023","AQS","361099991","1","0.054","ppm","50","Connecticut Hill","17","100.0000","44201","Ozone","047","27060","Ithaca, NY","36","New York","109","Tompkins","42.4006","-76.6538"
"09/06/2023","AQS","361099991","1","0.044","ppm","41","Connecticut Hill","17","100.0000","44201","Ozone","047","27060","Ithaca, NY","36","New York","109","Tompkins","42.4006","-76.6538"
"09/07/2023","AQS","361099991","1","0.04","ppm","37","Connecticut Hill","17","100.0000","44201","Ozone","047","27060","Ithaca, NY","36","New York","109","Tompkins","42.4006","-76.6538"
"09/08/2023","AQS","361099991","1","0.035","ppm","32","Connecticut Hill","17","100.0000","44201","Ozone","047","27060","Ithaca, NY","36","New York","109","Tompkins","42.4006","-76.6538"
"09/09/2023","AQS","361099991","1","0.023","ppm","21","Connecticut Hill","17","100.0000","44201","Ozone","047","27060","Ithaca, NY","36","New York","109","Tompkins","42.4006","-76.6538"
"09/10/2023","AQS","361099991","1","0.024","ppm","22","Connecticut Hill","17","100.0000","44201","Ozone","047","27060","Ithaca, NY","36","New York","109","Tompkins","42.4006","-76.6538"
"09/11/2023","AQS","361099991","1","0.03","ppm","28","Connecticut Hill","17","100.0000","44201","Ozone","047","27060","Ithaca, NY","36","New York","109","Tompkins","42.4006","-76.6538"
"09/12/2023","AQS","361099991","1","0.037","ppm","34","Connecticut Hill","17","100.0000","44201","Ozone","047","27060","Ithaca, NY","36","New York","109","Tompkins","42.4006","-76.6538"
"09/13/2023","AQS","361099991","1","0.029","ppm","27","Connecticut Hill","17","100.0000","44201","Ozone","047","27060","Ithaca, NY","36","New York","109","Tompkins","42.4006","-76.6538"
"09/14/2023","AQS","361099991","1","0.029","ppm","27","Connecticut Hill","17","100.0000","44201","Ozone","047","27060","Ithaca, NY","36","New York","109","Tompkins","42.4006","-76.6538"
"09/15/2023","AQS","361099991","1","0.032","ppm","30","Connecticut Hill","17","100.0000","44201","Ozone","047","27060","Ithaca, NY","36","New York","109","Tompkins","42.4006","-76.6538"
"09/16/2023","AQS","361099991","1","0.048","ppm","44","Connecticut Hill","17","100.0000","44201","Ozone","047","27060","Ithaca, NY","36","New York","109","Tompkins","42.4006","-76.6538"
"09/17/2023","AQS","361099991","1","0.04","ppm","37","Connecticut Hill","17","100.0000","44201","Ozone","047","27060","Ithaca, NY","36","New York","109","Tompkins","42.4006","-76.6538"
"09/18/2023","AQS","361099991","1","0.038","ppm","35","Connecticut Hill","17","100.0000","44201","Ozone","047","27060","Ithaca, NY","36","New York","109","Tompkins","42.4006","-76.6538"
"09/19/2023","AQS","361099991","1","0.037","ppm","34","Connecticut Hill","17","100.0000","44201","Ozone","047","27060","Ithaca, NY","36","New York","109","Tompkins","42.4006","-76.6538"
"09/20/2023","AQS","361099991","1","0.038","ppm","35","Connecticut Hill","17","100.0000","44201","Ozone","047","27060","Ithaca, NY","36","New York","109","Tompkins","42.4006","-76.6538"
"09/21/2023","AQS","361099991","1","0.038","ppm","35","Connecticut Hill","17","100.0000","44201","Ozone","047","27060","Ithaca, NY","36","New York","109","Tompkins","42.4006","-76.6538"
"09/22/2023","AQS","361099991","1","0.034","ppm","31","Connecticut Hill","17","100.0000","44201","Ozone","047","27060","Ithaca, NY","36","New York","109","Tompkins","42.4006","-76.6538"
"09/23/2023","AQS","361099991","1","0.029","ppm","27","Connecticut Hill","17","100.0000","44201","Ozone","047","27060","Ithaca, NY","36","New York","109","Tompkins","42.4006","-76.6538"
"09/24/2023","AQS","361099991","1","0.03","ppm","28","Connecticut Hill","17","100.0000","44201","Ozone","047","27060","Ithaca, NY","36","New York","109","Tompkins","42.4006","-76.6538"
"09/25/2023","AQS","361099991","1","0.029","ppm","27","Connecticut Hill","17","100.0000","44201","Ozone","047","27060","Ithaca, NY","36","New York","109","Tompkins","42.4006","-76.6538"
"09/26/2023","AQS","361099991","1","0.021","ppm","19","Connecticut Hill","17","100.0000","44201","Ozone","047","27060","Ithaca, NY","36","New York","109","Tompkins","42.4006","-76.6538"
"09/27/2023","AQS","361099991","1","0.029","ppm","27","Connecticut Hill","17","100.0000","44201","Ozone","047","27060","Ithaca, NY","36","New York","109","Tompkins","42.4006","-76.6538"
"09/28/2023","AQS","361099991","1","0.038","ppm","35","Connecticut Hill","17","100.0000","44201","Ozone","047","27060","Ithaca, NY","36","New York","109","Tompkins","42.4006","-76.6538"
"09/29/2023","AQS","361099991","1","0.03","ppm","28","Connecticut Hill","17","100.0000","44201","Ozone","047","27060","Ithaca, NY","36","New York","109","Tompkins","42.4006","-76.6538"
"09/30/2023","AQS","361099991","1","0.035","ppm","32","Connecticut Hill","17","100.0000","44201","Ozone","047","27060","Ithaca, NY","36","New York","109","Tompkins","42.4006","-76.6538"
"10/01/2023","AQS","361099991","1","0.046","ppm","43","Connecticut Hill","17","100.0000","44201","Ozone","047","27060","Ithaca, NY","36","New York","109","Tompkins","42.4006","-76.6538"
"10/02/2023","AQS","361099991","1","0.047","ppm","44","Connecticut Hill","17","100.0000","44201","Ozone","047","27060","Ithaca, NY","36","New York","109","Tompkins","42.4006","-76.6538"
"10/03/2023","AQS","361099991","1","0.059","ppm","64","Connecticut Hill","17","100.0000","44201","Ozone","047","27060","Ithaca, NY","36","New York","109","Tompkins","42.4006","-76.6538"
"10/04/2023","AQS","361099991","1","0.052","ppm","48","Connecticut Hill","17","100.0000","44201","Ozone","047","27060","Ithaca, NY","36","New York","109","Tompkins","42.4006","-76.6538"
"10/05/2023","AQS","361099991","1","0.045","ppm","42","Connecticut Hill","17","100.0000","44201","Ozone","047","27060","Ithaca, NY","36","New York","109","Tompkins","42.4006","-76.6538"
"10/06/2023","AQS","361099991","1","0.033","ppm","31","Connecticut Hill","17","100.0000","44201","Ozone","047","27060","Ithaca, NY","36","New York","109","Tompkins","42.4006","-76.6538"
"10/07/2023","AQS","361099991","1","0.027","ppm","25","Connecticut Hill","17","100.0000","44201","Ozone","047","27060","Ithaca, NY","36","New York","109","Tompkins","42.4006","-76.6538"
"10/08/2023","AQS","361099991","1","0.026","ppm","24","Connecticut Hill","17","100.0000","44201","Ozone","047","27060","Ithaca, NY","36","New York","109","Tompkins","42.4006","-76.6538"
"10/09/2023","AQS","361099991","1","0.03","ppm","28","Connecticut Hill","17","100.0000","44201","Ozone","047","27060","Ithaca, NY","36","New York","109","Tompkins","42.4006","-76.6538"
"10/10/2023","AQS","361099991","1","0.031","ppm","29","Connecticut Hill","17","100.0000","44201","Ozone","047","27060","Ithaca, NY","36","New York","109","Tompkins","42.4006","-76.6538"
"10/11/2023","AQS","361099991","1","0.027","ppm","25","Connecticut Hill","17","100.0000","44201","Ozone","047","27060","Ithaca, NY","36","New York","109","Tompkins","42.4006","-76.6538"
"10/12/2023","AQS","361099991","1","0.037","ppm","34","Connecticut Hill","17","100.0000","44201","Ozone","047","27060","Ithaca, NY","36","New York","109","Tompkins","42.4006","-76.6538"
"10/13/2023","AQS","361099991","1","0.021","ppm","19","Connecticut Hill","17","100.0000","44201","Ozone","047","27060","Ithaca, NY","36","New York","109","Tompkins","42.4006","-76.6538"
"10/14/2023","AQS","361099991","1","0.018","ppm","17","Connecticut Hill","17","100.0000","44201","Ozone","047","27060","Ithaca, NY","36","New York","109","Tompkins","42.4006","-76.6538"
"10/15/2023","AQS","361099991","1","0.02","ppm","19","Connecticut Hill","17","100.0000","44201","Ozone","047","27060","Ithaca, NY","36","New York","109","Tompkins","42.4006","-76.6538"
"10/16/2023","AQS","361099991","1","0.02","ppm","19","Connecticut Hill","17","100.0000","44201","Ozone","047","27060","Ithaca, NY","36","New York","109","Tompkins","42.4006","-76.6538"
"10/17/2023","AQS","361099991","1","0.024","ppm","22","Connecticut Hill","17","100.0000","44201","Ozone","047","27060","Ithaca, NY","36","New York","109","Tompkins","42.4006","-76.6538"
"10/18/2023","AQS","361099991","1","0.029","ppm","27","Connecticut Hill","17","100.0000","44201","Ozone","047","27060","Ithaca, NY","36","New York","109","Tompkins","42.4006","-76.6538"
"10/19/2023","AQS","361099991","1","0.032","ppm","30","Connecticut Hill","17","100.0000","44201","Ozone","047","27060","Ithaca, NY","36","New York","109","Tompkins","42.4006","-76.6538"
"10/20/2023","AQS","361099991","1","0.034","ppm","31","Connecticut Hill","17","100.0000","44201","Ozone","047","27060","Ithaca, NY","36","New York","109","Tompkins","42.4006","-76.6538"
"10/21/2023","AQS","361099991","1","0.023","ppm","21","Connecticut Hill","17","100.0000","44201","Ozone","047","27060","Ithaca, NY","36","New York","109","Tompkins","42.4006","-76.6538"
"10/22/2023","AQS","361099991","1","0.03","ppm","28","Connecticut Hill","17","100.0000","44201","Ozone","047","27060","Ithaca, NY","36","New York","109","Tompkins","42.4006","-76.6538"
"10/23/2023","AQS","361099991","1","0.036","ppm","33","Connecticut Hill","17","100.0000","44201","Ozone","047","27060","Ithaca, NY","36","New York","109","Tompkins","42.4006","-76.6538"
"10/24/2023","AQS","361099991","1","0.039","ppm","36","Connecticut Hill","17","100.0000","44201","Ozone","047","27060","Ithaca, NY","36","New York","109","Tompkins","42.4006","-76.6538"
"10/25/2023","AQS","361099991","1","0.043","ppm","40","Connecticut Hill","17","100.0000","44201","Ozone","047","27060","Ithaca, NY","36","New York","109","Tompkins","42.4006","-76.6538"
"10/26/2023","AQS","361099991","1","0.046","ppm","43","Connecticut Hill","17","100.0000","44201","Ozone","047","27060","Ithaca, NY","36","New York","109","Tompkins","42.4006","-76.6538"
"10/27/2023","AQS","361099991","1","0.041","ppm","38","Connecticut Hill","17","100.0000","44201","Ozone","047","27060","Ithaca, NY","36","New York","109","Tompkins","42.4006","-76.6538"
"10/28/2023","AQS","361099991","1","0.021","ppm","19","Connecticut Hill","17","100.0000","44201","Ozone","047","27060","Ithaca, NY","36","New York","109","Tompkins","42.4006","-76.6538"
"10/29/2023","AQS","361099991","1","0.022","ppm","20","Connecticut Hill","17","100.0000","44201","Ozone","047","27060","Ithaca, NY","36","New York","109","Tompkins","42.4006","-76.6538"
"10/30/2023","AQS","361099991","1","0.027","ppm","25","Connecticut Hill","17","100.0000","44201","Ozone","047","27060","Ithaca, NY","36","New York","109","Tompkins","42.4006","-76.6538"
"10/31/2023","AQS","361099991","1","0.033","ppm","31","Connecticut Hill","17","100.0000","44201","Ozone","047","27060","Ithaca, NY","36","New York","109","Tompkins","42.4006","-76.6538"
"11/01/2023","AQS","361099991","1","0.028","ppm","26","Connecticut Hill","17","100.0000","44201","Ozone","047","27060","Ithaca, NY","36","New York","109","Tompkins","42.4006","-76.6538"
"11/02/2023","AQS","361099991","1","0.031","ppm","29","Connecticut Hill","17","100.0000","44201","Ozone","047","27060","Ithaca, NY","36","New York","109","Tompkins","42.4006","-76.6538"
"11/03/2023","AQS","361099991","1","0.04","ppm","37","Connecticut Hill","17","100.0000","44201","Ozone","047","27060","Ithaca, NY","36","New York","109","Tompkins","42.4006","-76.6538"
"11/04/2023","AQS","361099991","1","0.045","ppm","42","Connecticut Hill","17","100.0000","44201","Ozone","047","27060","Ithaca, NY","36","New York","109","Tompkins","42.4006","-76.6538"
"11/05/2023","AQS","361099991","1","0.033","ppm","31","Connecticut Hill","17","100.0000","44201","Ozone","047","27060","Ithaca, NY","36","New York","109","Tompkins","42.4006","-76.6538"
"11/06/2023","AQS","361099991","1","0.038","ppm","35","Connecticut Hill","17","100.0000","44201","Ozone","047","27060","Ithaca, NY","36","New York","109","Tompkins","42.4006","-76.6538"
"11/07/2023","AQS","361099991","1","0.029","ppm","27","Connecticut Hill","17","100.0000","44201","Ozone","047","27060","Ithaca, NY","36","New York","109","Tompkins","42.4006","-76.6538"
"11/08/2023","AQS","361099991","1","0.033","ppm","31","Connecticut Hill","17","100.0000","44201","Ozone","047","27060","Ithaca, NY","36","New York","109","Tompkins","42.4006","-76.6538"
"11/09/2023","AQS","361099991","1","0.03","ppm","28","Connecticut Hill","17","100.0000","44201","Ozone","047","27060","Ithaca, NY","36","New York","109","Tompkins","42.4006","-76.6538"
"11/10/2023","AQS","361099991","1","0.032","ppm","30","Connecticut Hill","17","100.0000","44201","Ozone","047","27060","Ithaca, NY","36","New York","109","Tompkins","42.4006","-76.6538"
"11/11/2023","AQS","361099991","1","0.03","ppm","28","Connecticut Hill","17","100.0000","44201","Ozone","047","27060","Ithaca, NY","36","New York","109","Tompkins","42.4006","-76.6538"
"11/12/2023","AQS","361099991","1","0.036","ppm","33","Connecticut Hill","17","100.0000","44201","Ozone","047","27060","Ithaca, NY","36","New York","109","Tompkins","42.4006","-76.6538"
"11/13/2023","AQS","361099991","1","0.031","ppm","29","Connecticut Hill","17","100.0000","44201","Ozone","047","27060","Ithaca, NY","36","New York","109","Tompkins","42.4006","-76.6538"
"11/14/2023","AQS","361099991","1","0.027","ppm","25","Connecticut Hill","17","100.0000","44201","Ozone","047","27060","Ithaca, NY","36","New York","109","Tompkins","42.4006","-76.6538"
"11/15/2023","AQS","361099991","1","0.035","ppm","32","Connecticut Hill","17","100.0000","44201","Ozone","047","27060","Ithaca, NY","36","New York","109","Tompkins","42.4006","-76.6538"
"11/16/2023","AQS","361099991","1","0.046","ppm","43","Connecticut Hill","17","100.0000","44201","Ozone","047","27060","Ithaca, NY","36","New York","109","Tompkins","42.4006","-76.6538"
"11/17/2023","AQS","361099991","1","0.042","ppm","39","Connecticut Hill","17","100.0000","44201","Ozone","047","27060","Ithaca, NY","36","New York","109","Tompkins","42.4006","-76.6538"
"11/18/2023","AQS","361099991","1","0.03","ppm","28","Connecticut Hill","17","100.0000","44201","Ozone","047","27060","Ithaca, NY","36","New York","109","Tompkins","42.4006","-76.6538"
"11/19/2023","AQS","361099991","1","0.03","ppm","28","Connecticut Hill","17","100.0000","44201","Ozone","047","27060","Ithaca, NY","36","New York","109","Tompkins","42.4006","-76.6538"
"11/20/2023","AQS","361099991","1","0.031","ppm","29","Connecticut Hill","17","100.0000","44201","Ozone","047","27060","Ithaca, NY","36","New York","109","Tompkins","42.4006","-76.6538"
"11/21/2023","AQS","361099991","1","0.028","ppm","26","Connecticut Hill","17","100.0000","44201","Ozone","047","27060","Ithaca, NY","36","New York","109","Tompkins","42.4006","-76.6538"
"11/22/2023","AQS","361099991","1","0.024","ppm","22","Connecticut Hill","17","100.0000","44201","Ozone","047","27060","Ithaca, NY","36","New York","109","Tompkins","42.4006","-76.6538"
"11/23/2023","AQS","361099991","1","0.027","ppm","25","Connecticut Hill","17","100.0000","44201","Ozone","047","27060","Ithaca, NY","36","New York","109","Tompkins","42.4006","-76.6538"
"11/24/2023","AQS","361099991","1","0.035","ppm","32","Connecticut Hill","17","100.0000","44201","Ozone","047","27060","Ithaca, NY","36","New York","109","Tompkins","42.4006","-76.6538"
"11/25/2023","AQS","361099991","1","0.035","ppm","32","Connecticut Hill","17","100.0000","44201","Ozone","047","27060","Ithaca, NY","36","New York","109","Tompkins","42.4006","-76.6538"
"11/26/2023","AQS","361099991","1","0.035","ppm","32","Connecticut Hill","17","100.0000","44201","Ozone","047","27060","Ithaca, NY","36","New York","109","Tompkins","42.4006","-76.6538"
"11/27/2023","AQS","361099991","1","0.031","ppm","29","Connecticut Hill","17","100.0000","44201","Ozone","047","27060","Ithaca, NY","36","New York","109","Tompkins","42.4006","-76.6538"
"11/28/2023","AQS","361099991","1","0.031","ppm","29","Connecticut Hill","17","100.0000","44201","Ozone","047","27060","Ithaca, NY","36","New York","109","Tompkins","42.4006","-76.6538"
"11/29/2023","AQS","361099991","1","0.029","ppm","27","Connecticut Hill","17","100.0000","44201","Ozone","047","27060","Ithaca, NY","36","New York","109","Tompkins","42.4006","-76.6538"
"11/30/2023","AQS","361099991","1","0.037","ppm","34","Connecticut Hill","17","100.0000","44201","Ozone","047","27060","Ithaca, NY","36","New York","109","Tompkins","42.4006","-76.6538"
"12/01/2023","AQS","361099991","1","0.033","ppm","31","Connecticut Hill","13","76.0000","44201","Ozone","047","27060","Ithaca, NY","36","New York","109","Tompkins","42.4006","-76.6538"
"12/09/2023","AQS","361099991","1","0.035","ppm","32","Connecticut Hill","17","100.0000","44201","Ozone","047","27060","Ithaca, NY","36","New York","109","Tompkins","42.4006","-76.6538"
"12/10/2023","AQS","361099991","1","0.025","ppm","23","Connecticut Hill","17","100.0000","44201","Ozone","047","27060","Ithaca, NY","36","New York","109","Tompkins","42.4006","-76.6538"
"12/11/2023","AQS","361099991","1","0.031","ppm","29","Connecticut Hill","17","100.0000","44201","Ozone","047","27060","Ithaca, NY","36","New York","109","Tompkins","42.4006","-76.6538"
"12/12/2023","AQS","361099991","1","0.028","ppm","26","Connecticut Hill","17","100.0000","44201","Ozone","047","27060","Ithaca, NY","36","New York","109","Tompkins","42.4006","-76.6538"
"12/13/2023","AQS","361099991","1","0.035","ppm","32","Connecticut Hill","17","100.0000","44201","Ozone","047","27060","Ithaca, NY","36","New York","109","Tompkins","42.4006","-76.6538"
"12/14/2023","AQS","361099991","1","0.032","ppm","30","Connecticut Hill","17","100.0000","44201","Ozone","047","27060","Ithaca, NY","36","New York","109","Tompkins","42.4006","-76.6538"
"12/15/2023","AQS","361099991","1","0.04","ppm","37","Connecticut Hill","17","100.0000","44201","Ozone","047","27060","Ithaca, NY","36","New York","109","Tompkins","42.4006","-76.6538"
"12/16/2023","AQS","361099991","1","0.033","ppm","31","Connecticut Hill","17","100.0000","44201","Ozone","047","27060","Ithaca, NY","36","New York","109","Tompkins","42.4006","-76.6538"
"12/17/2023","AQS","361099991","1","0.031","ppm","29","Connecticut Hill","17","100.0000","44201","Ozone","047","27060","Ithaca, NY","36","New York","109","Tompkins","42.4006","-76.6538"
"12/18/2023","AQS","361099991","1","0.028","ppm","26","Connecticut Hill","17","100.0000","44201","Ozone","047","27060","Ithaca, NY","36","New York","109","Tompkins","42.4006","-76.6538"
"12/19/2023","AQS","361099991","1","0.035","ppm","32","Connecticut Hill","17","100.0000","44201","Ozone","047","27060","Ithaca, NY","36","New York","109","Tompkins","42.4006","-76.6538"
"12/20/2023","AQS","361099991","1","0.029","ppm","27","Connecticut Hill","17","100.0000","44201","Ozone","047","27060","Ithaca, NY","36","New York","109","Tompkins","42.4006","-76.6538"
"12/21/2023","AQS","361099991","1","0.031","ppm","29","Connecticut Hill","17","100.0000","44201","Ozone","047","27060","Ithaca, NY","36","New York","109","Tompkins","42.4006","-76.6538"
"12/22/2023","AQS","361099991","1","0.024","ppm","22","Connecticut Hill","17","100.0000","44201","Ozone","047","27060","Ithaca, NY","36","New York","109","Tompkins","42.4006","-76.6538"
"12/23/2023","AQS","361099991","1","0.021","ppm","19","Connecticut Hill","17","100.0000","44201","Ozone","047","27060","Ithaca, NY","36","New York","109","Tompkins","42.4006","-76.6538"
"12/24/2023","AQS","361099991","1","0.018","ppm","17","Connecticut Hill","17","100.0000","44201","Ozone","047","27060","Ithaca, NY","36","New York","109","Tompkins","42.4006","-76.6538"
"12/25/2023","AQS","361099991","1","0.031","ppm","29","Connecticut Hill","17","100.0000","44201","Ozone","047","27060","Ithaca, NY","36","New York","109","Tompkins","42.4006","-76.6538"
"12/26/2023","AQS","361099991","1","0.03","ppm","28","Connecticut Hill","17","100.0000","44201","Ozone","047","27060","Ithaca, NY","36","New York","109","Tompkins","42.4006","-76.6538"
"12/27/2023","AQS","361099991","1","0.033","ppm","31","Connecticut Hill","17","100.0000","44201","Ozone","047","27060","Ithaca, NY","36","New York","109","Tompkins","42.4006","-76.6538"
"12/28/2023","AQS","361099991","1","0.032","ppm","30","Connecticut Hill","17","100.0000","44201","Ozone","047","27060","Ithaca, NY","36","New York","109","Tompkins","42.4006","-76.6538"
"12/29/2023","AQS","361099991","1","0.023","ppm","21","Connecticut Hill","17","100.0000","44201","Ozone","047","27060","Ithaca, NY","36","New York","109","Tompkins","42.4006","-76.6538"
"12/30/2023","AQS","361099991","1","0.027","ppm","25","Connecticut Hill","17","100.0000","44201","Ozone","047","27060","Ithaca, NY","36","New York","109","Tompkins","42.4006","-76.6538"
