"Date","Source","Site ID","POC","Daily Max 8-hour CO Concentration","Units","Daily AQI Value","Local Site Name","Daily Obs Count","Percent Complete","AQS Parameter Code","AQS Parameter Description","Method Code","CBSA Code","CBSA Name","State FIPS Code","State","County FIPS Code","County","Site Latitude","Site Longitude"
"01/01/2023","AQS","051190007","2","0.9","ppm","10","PARR","19","79.0000","42101","Carbon monoxide","054","30780","Little Rock-North Little Rock-Conway, AR","05","Arkansas","119","Pulaski","34.7561888042723","-92.2812958643647"
"01/02/2023","AQS","051190007","2","0.7","ppm","8","PARR","24","100.0000","42101","Carbon monoxide","054","30780","Little Rock-North Little Rock-Conway, AR","05","Arkansas","119","Pulaski","34.7561888042723","-92.2812958643647"
"01/04/2023","AQS","051190007","2","0.8","ppm","9","PARR","8","33.0000","42101","Carbon monoxide","054","30780","Little Rock-North Little Rock-Conway, AR","05","Arkansas","119","Pulaski","34.7561888042723","-92.2812958643647"
"01/05/2023","AQS","051190007","2","0.8","ppm","9","PARR","24","100.0000","42101","Carbon monoxide","054","30780","Little Rock-North Little Rock-Conway, AR","05","Arkansas","119","Pulaski","34.7561888042723","-92.2812958643647"
"01/06/2023","AQS","051190007","2","0.7","ppm","8","PARR","24","100.0000","42101","Carbon monoxide","054","30780","Little Rock-North Little Rock-Conway, AR","05","Arkansas","119","Pulaski","34.7561888042723","-92.2812958643647"
"01/07/2023","AQS","051190007","2","0.6","ppm","7","PARR","24","100.0000","42101","Carbon monoxide","054","30780","Little Rock-North Little Rock-Conway, AR","05","Arkansas","119","Pulaski","34.7561888042723","-92.2812958643647"
"01/08/2023","AQS","051190007","2","0.6","ppm","7","PARR","24","100.0000","42101","Carbon monoxide","054","30780","Little Rock-North Little Rock-Conway, AR","05","Arkansas","119","Pulaski","34.7561888042723","-92.2812958643647"
"01/09/2023","AQS","051190007","2","0.7","ppm","8","PARR","24","100.0000","42101","Carbon monoxide","054","30780","Little Rock-North Little Rock-Conway, AR","05","Arkansas","119","Pulaski","34.7561888042723","-92.2812958643647"
"01/10/2023","AQS","051190007","2","0.6","ppm","7","PARR","24","100.0000","42101","Carbon monoxide","054","30780","Little Rock-North Little Rock-Conway, AR","05","Arkansas","119","Pulaski","34.7561888042723","-92.2812958643647"
"01/11/2023","AQS","051190007","2","0.6","ppm","7","PARR","24","100.0000","42101","Carbon monoxide","054","30780","Little Rock-North Little Rock-Conway, AR","05","Arkansas","119","Pulaski","34.7561888042723","-92.2812958643647"
"01/12/2023","AQS","051190007","2","0.6","ppm","7","PARR","24","100.0000","42101","Carbon monoxide","054","30780","Little Rock-North Little Rock-Conway, AR","05","Arkansas","119","Pulaski","34.7561888042723","-92.2812958643647"
"01/13/2023","AQS","051190007","2","0.6","ppm","7","PARR","24","100.0000","42101","Carbon monoxide","054","30780","Little Rock-North Little Rock-Conway, AR","05","Arkansas","119","Pulaski","34.7561888042723","-92.2812958643647"
"01/14/2023","AQS","051190007","2","0.7","ppm","8","PARR","24","100.0000","42101","Carbon monoxide","054","30780","Little Rock-North Little Rock-Conway, AR","05","Arkansas","119","Pulaski","34.7561888042723","-92.2812958643647"
"01/15/2023","AQS","051190007","2","0.7","ppm","8","PARR","24","100.0000","42101","Carbon monoxide","054","30780","Little Rock-North Little Rock-Conway, AR","05","Arkansas","119","Pulaski","34.7561888042723","-92.2812958643647"
"01/16/2023","AQS","051190007","2","0.7","ppm","8","PARR","24","100.0000","42101","Carbon monoxide","054","30780","Little Rock-North Little Rock-Conway, AR","05","Arkansas","119","Pulaski","34.7561888042723","-92.2812958643647"
"01/17/2023","AQS","051190007","2","0.9","ppm","10","PARR","24","100.0000","42101","Carbon monoxide","054","30780","Little Rock-North Little Rock-Conway, AR","05","Arkansas","119","Pulaski","34.7561888042723","-92.2812958643647"
"01/18/2023","AQS","051190007","2","1","ppm","11","PARR","24","100.0000","42101","Carbon monoxide","054","30780","Little Rock-North Little Rock-Conway, AR","05","Arkansas","119","Pulaski","34.7561888042723","-92.2812958643647"
"01/19/2023","AQS","051190007","2","0.8","ppm","9","PARR","24","100.0000","42101","Carbon monoxide","054","30780","Little Rock-North Little Rock-Conway, AR","05","Arkansas","119","Pulaski","34.7561888042723","-92.2812958643647"
"01/20/2023","AQS","051190007","2","0.4","ppm","5","PARR","24","100.0000","42101","Carbon monoxide","054","30780","Little Rock-North Little Rock-Conway, AR","05","Arkansas","119","Pulaski","34.7561888042723","-92.2812958643647"
"01/21/2023","AQS","051190007","2","0.5","ppm","6","PARR","24","100.0000","42101","Carbon monoxide","054","30780","Little Rock-North Little Rock-Conway, AR","05","Arkansas","119","Pulaski","34.7561888042723","-92.2812958643647"
"01/22/2023","AQS","051190007","2","0.3","ppm","3","PARR","24","100.0000","42101","Carbon monoxide","054","30780","Little Rock-North Little Rock-Conway, AR","05","Arkansas","119","Pulaski","34.7561888042723","-92.2812958643647"
"01/23/2023","AQS","051190007","2","0.4","ppm","5","PARR","24","100.0000","42101","Carbon monoxide","054","30780","Little Rock-North Little Rock-Conway, AR","05","Arkansas","119","Pulaski","34.7561888042723","-92.2812958643647"
"01/24/2023","AQS","051190007","2","0.6","ppm","7","PARR","24","100.0000","42101","Carbon monoxide","054","30780","Little Rock-North Little Rock-Conway, AR","05","Arkansas","119","Pulaski","34.7561888042723","-92.2812958643647"
"01/25/2023","AQS","051190007","2","0.4","ppm","5","PARR","24","100.0000","42101","Carbon monoxide","054","30780","Little Rock-North Little Rock-Conway, AR","05","Arkansas","119","Pulaski","34.7561888042723","-92.2812958643647"
"01/26/2023","AQS","051190007","2","0.5","ppm","6","PARR","24","100.0000","42101","Carbon monoxide","054","30780","Little Rock-North Little Rock-Conway, AR","05","Arkansas","119","Pulaski","34.7561888042723","-92.2812958643647"
"01/27/2023","AQS","051190007","2","0.6","ppm","7","PARR","16","67.0000","42101","Carbon monoxide","054","30780","Little Rock-North Little Rock-Conway, AR","05","Arkansas","119","Pulaski","34.7561888042723","-92.2812958643647"
"01/28/2023","AQS","051190007","2","0.5","ppm","6","PARR","24","100.0000","42101","Carbon monoxide","054","30780","Little Rock-North Little Rock-Conway, AR","05","Arkansas","119","Pulaski","34.7561888042723","-92.2812958643647"
"01/29/2023","AQS","051190007","2","0.5","ppm","6","PARR","24","100.0000","42101","Carbon monoxide","054","30780","Little Rock-North Little Rock-Conway, AR","05","Arkansas","119","Pulaski","34.7561888042723","-92.2812958643647"
"01/30/2023","AQS","051190007","2","0.5","ppm","6","PARR","24","100.0000","42101","Carbon monoxide","054","30780","Little Rock-North Little Rock-Conway, AR","05","Arkansas","119","Pulaski","34.7561888042723","-92.2812958643647"
"01/31/2023","AQS","051190007","2","0.5","ppm","6","PARR","24","100.0000","42101","Carbon monoxide","054","30780","Little Rock-North Little Rock-Conway, AR","05","Arkansas","119","Pulaski","34.7561888042723","-92.2812958643647"
"02/01/2023","AQS","051190007","2","0.5","ppm","6","PARR","24","100.0000","42101","Carbon monoxide","054","30780","Little Rock-North Little Rock-Conway, AR","05","Arkansas","119","Pulaski","34.7561888042723","-92.2812958643647"
"02/02/2023","AQS","051190007","2","0.6","ppm","7","PARR","24","100.0000","42101","Carbon monoxide","054","30780","Little Rock-North Little Rock-Conway, AR","05","Arkansas","119","Pulaski","34.7561888042723","-92.2812958643647"
"02/03/2023","AQS","051190007","2","0.6","ppm","7","PARR","24","100.0000","42101","Carbon monoxide","054","30780","Little Rock-North Little Rock-Conway, AR","05","Arkansas","119","Pulaski","34.7561888042723","-92.2812958643647"
"02/04/2023","AQS","051190007","2","0.6","ppm","7","PARR","24","100.0000","42101","Carbon monoxide","054","30780","Little Rock-North Little Rock-Conway, AR","05","Arkansas","119","Pulaski","34.7561888042723","-92.2812958643647"
"02/05/2023","AQS","051190007","2","0.7","ppm","8","PARR","24","100.0000","42101","Carbon monoxide","054","30780","Little Rock-North Little Rock-Conway, AR","05","Arkansas","119","Pulaski","34.7561888042723","-92.2812958643647"
"02/06/2023","AQS","051190007","2","0.8","ppm","9","PARR","24","100.0000","42101","Carbon monoxide","054","30780","Little Rock-North Little Rock-Conway, AR","05","Arkansas","119","Pulaski","34.7561888042723","-92.2812958643647"
"02/07/2023","AQS","051190007","2","0.7","ppm","8","PARR","24","100.0000","42101","Carbon monoxide","054","30780","Little Rock-North Little Rock-Conway, AR","05","Arkansas","119","Pulaski","34.7561888042723","-92.2812958643647"
"02/08/2023","AQS","051190007","2","0.8","ppm","9","PARR","24","100.0000","42101","Carbon monoxide","054","30780","Little Rock-North Little Rock-Conway, AR","05","Arkansas","119","Pulaski","34.7561888042723","-92.2812958643647"
"02/09/2023","AQS","051190007","2","0.8","ppm","9","PARR","24","100.0000","42101","Carbon monoxide","054","30780","Little Rock-North Little Rock-Conway, AR","05","Arkansas","119","Pulaski","34.7561888042723","-92.2812958643647"
"02/10/2023","AQS","051190007","2","0.9","ppm","10","PARR","24","100.0000","42101","Carbon monoxide","054","30780","Little Rock-North Little Rock-Conway, AR","05","Arkansas","119","Pulaski","34.7561888042723","-92.2812958643647"
"02/11/2023","AQS","051190007","2","0.8","ppm","9","PARR","24","100.0000","42101","Carbon monoxide","054","30780","Little Rock-North Little Rock-Conway, AR","05","Arkansas","119","Pulaski","34.7561888042723","-92.2812958643647"
"02/12/2023","AQS","051190007","2","0.9","ppm","10","PARR","24","100.0000","42101","Carbon monoxide","054","30780","Little Rock-North Little Rock-Conway, AR","05","Arkansas","119","Pulaski","34.7561888042723","-92.2812958643647"
"02/13/2023","AQS","051190007","2","0.9","ppm","10","PARR","24","100.0000","42101","Carbon monoxide","054","30780","Little Rock-North Little Rock-Conway, AR","05","Arkansas","119","Pulaski","34.7561888042723","-92.2812958643647"
"02/14/2023","AQS","051190007","2","0.9","ppm","10","PARR","24","100.0000","42101","Carbon monoxide","054","30780","Little Rock-North Little Rock-Conway, AR","05","Arkansas","119","Pulaski","34.7561888042723","-92.2812958643647"
"02/15/2023","AQS","051190007","2","0.2","ppm","2","PARR","24","100.0000","42101","Carbon monoxide","054","30780","Little Rock-North Little Rock-Conway, AR","05","Arkansas","119","Pulaski","34.7561888042723","-92.2812958643647"
"02/16/2023","AQS","051190007","2","0.2","ppm","2","PARR","24","100.0000","42101","Carbon monoxide","054","30780","Little Rock-North Little Rock-Conway, AR","05","Arkansas","119","Pulaski","34.7561888042723","-92.2812958643647"
"02/17/2023","AQS","051190007","2","0.3","ppm","3","PARR","24","100.0000","42101","Carbon monoxide","054","30780","Little Rock-North Little Rock-Conway, AR","05","Arkansas","119","Pulaski","34.7561888042723","-92.2812958643647"
"02/18/2023","AQS","051190007","2","0.7","ppm","8","PARR","24","100.0000","42101","Carbon monoxide","054","30780","Little Rock-North Little Rock-Conway, AR","05","Arkansas","119","Pulaski","34.7561888042723","-92.2812958643647"
"02/19/2023","AQS","051190007","2","0.3","ppm","3","PARR","24","100.0000","42101","Carbon monoxide","054","30780","Little Rock-North Little Rock-Conway, AR","05","Arkansas","119","Pulaski","34.7561888042723","-92.2812958643647"
"02/20/2023","AQS","051190007","2","0.4","ppm","5","PARR","24","100.0000","42101","Carbon monoxide","054","30780","Little Rock-North Little Rock-Conway, AR","05","Arkansas","119","Pulaski","34.7561888042723","-92.2812958643647"
"02/21/2023","AQS","051190007","2","0.5","ppm","6","PARR","24","100.0000","42101","Carbon monoxide","054","30780","Little Rock-North Little Rock-Conway, AR","05","Arkansas","119","Pulaski","34.7561888042723","-92.2812958643647"
"02/22/2023","AQS","051190007","2","0.4","ppm","5","PARR","24","100.0000","42101","Carbon monoxide","054","30780","Little Rock-North Little Rock-Conway, AR","05","Arkansas","119","Pulaski","34.7561888042723","-92.2812958643647"
"02/23/2023","AQS","051190007","2","0.4","ppm","5","PARR","24","100.0000","42101","Carbon monoxide","054","30780","Little Rock-North Little Rock-Conway, AR","05","Arkansas","119","Pulaski","34.7561888042723","-92.2812958643647"
"02/24/2023","AQS","051190007","2","0.4","ppm","5","PARR","24","100.0000","42101","Carbon monoxide","054","30780","Little Rock-North Little Rock-Conway, AR","05","Arkansas","119","Pulaski","34.7561888042723","-92.2812958643647"
"02/25/2023","AQS","051190007","2","0.4","ppm","5","PARR","24","100.0000","42101","Carbon monoxide","054","30780","Little Rock-North Little Rock-Conway, AR","05","Arkansas","119","Pulaski","34.7561888042723","-92.2812958643647"
"02/26/2023","AQS","051190007","2","0.5","ppm","6","PARR","24","100.0000","42101","Carbon monoxide","054","30780","Little Rock-North Little Rock-Conway, AR","05","Arkansas","119","Pulaski","34.7561888042723","-92.2812958643647"
"02/27/2023","AQS","051190007","2","0.5","ppm","6","PARR","24","100.0000","42101","Carbon monoxide","054","30780","Little Rock-North Little Rock-Conway, AR","05","Arkansas","119","Pulaski","34.7561888042723","-92.2812958643647"
"02/28/2023","AQS","051190007","2","0.6","ppm","7","PARR","15","63.0000","42101","Carbon monoxide","054","30780","Little Rock-North Little Rock-Conway, AR","05","Arkansas","119","Pulaski","34.7561888042723","-92.2812958643647"
"03/01/2023","AQS","051190007","2","0.1","ppm","1","PARR","9","38.0000","42101","Carbon monoxide","054","30780","Little Rock-North Little Rock-Conway, AR","05","Arkansas","119","Pulaski","34.7561888042723","-92.2812958643647"
"03/02/2023","AQS","051190007","2","0.3","ppm","3","PARR","24","100.0000","42101","Carbon monoxide","054","30780","Little Rock-North Little Rock-Conway, AR","05","Arkansas","119","Pulaski","34.7561888042723","-92.2812958643647"
"03/03/2023","AQS","051190007","2","0.2","ppm","2","PARR","24","100.0000","42101","Carbon monoxide","054","30780","Little Rock-North Little Rock-Conway, AR","05","Arkansas","119","Pulaski","34.7561888042723","-92.2812958643647"
"03/04/2023","AQS","051190007","2","0.4","ppm","5","PARR","24","100.0000","42101","Carbon monoxide","054","30780","Little Rock-North Little Rock-Conway, AR","05","Arkansas","119","Pulaski","34.7561888042723","-92.2812958643647"
"03/05/2023","AQS","051190007","2","0.5","ppm","6","PARR","24","100.0000","42101","Carbon monoxide","054","30780","Little Rock-North Little Rock-Conway, AR","05","Arkansas","119","Pulaski","34.7561888042723","-92.2812958643647"
"03/06/2023","AQS","051190007","2","0.4","ppm","5","PARR","24","100.0000","42101","Carbon monoxide","054","30780","Little Rock-North Little Rock-Conway, AR","05","Arkansas","119","Pulaski","34.7561888042723","-92.2812958643647"
"03/07/2023","AQS","051190007","2","0.4","ppm","5","PARR","24","100.0000","42101","Carbon monoxide","054","30780","Little Rock-North Little Rock-Conway, AR","05","Arkansas","119","Pulaski","34.7561888042723","-92.2812958643647"
"03/08/2023","AQS","051190007","2","0.4","ppm","5","PARR","24","100.0000","42101","Carbon monoxide","054","30780","Little Rock-North Little Rock-Conway, AR","05","Arkansas","119","Pulaski","34.7561888042723","-92.2812958643647"
"03/09/2023","AQS","051190007","2","0.4","ppm","5","PARR","24","100.0000","42101","Carbon monoxide","054","30780","Little Rock-North Little Rock-Conway, AR","05","Arkansas","119","Pulaski","34.7561888042723","-92.2812958643647"
"03/10/2023","AQS","051190007","2","0.4","ppm","5","PARR","24","100.0000","42101","Carbon monoxide","054","30780","Little Rock-North Little Rock-Conway, AR","05","Arkansas","119","Pulaski","34.7561888042723","-92.2812958643647"
"03/11/2023","AQS","051190007","2","0.4","ppm","5","PARR","24","100.0000","42101","Carbon monoxide","054","30780","Little Rock-North Little Rock-Conway, AR","05","Arkansas","119","Pulaski","34.7561888042723","-92.2812958643647"
"03/12/2023","AQS","051190007","2","0.4","ppm","5","PARR","24","100.0000","42101","Carbon monoxide","054","30780","Little Rock-North Little Rock-Conway, AR","05","Arkansas","119","Pulaski","34.7561888042723","-92.2812958643647"
"03/13/2023","AQS","051190007","2","0.4","ppm","5","PARR","24","100.0000","42101","Carbon monoxide","054","30780","Little Rock-North Little Rock-Conway, AR","05","Arkansas","119","Pulaski","34.7561888042723","-92.2812958643647"
"03/14/2023","AQS","051190007","2","0.4","ppm","5","PARR","24","100.0000","42101","Carbon monoxide","054","30780","Little Rock-North Little Rock-Conway, AR","05","Arkansas","119","Pulaski","34.7561888042723","-92.2812958643647"
"03/15/2023","AQS","051190007","2","0.6","ppm","7","PARR","24","100.0000","42101","Carbon monoxide","054","30780","Little Rock-North Little Rock-Conway, AR","05","Arkansas","119","Pulaski","34.7561888042723","-92.2812958643647"
"03/16/2023","AQS","051190007","2","0.4","ppm","5","PARR","24","100.0000","42101","Carbon monoxide","054","30780","Little Rock-North Little Rock-Conway, AR","05","Arkansas","119","Pulaski","34.7561888042723","-92.2812958643647"
"03/17/2023","AQS","051190007","2","0.4","ppm","5","PARR","24","100.0000","42101","Carbon monoxide","054","30780","Little Rock-North Little Rock-Conway, AR","05","Arkansas","119","Pulaski","34.7561888042723","-92.2812958643647"
"03/18/2023","AQS","051190007","2","0.4","ppm","5","PARR","24","100.0000","42101","Carbon monoxide","054","30780","Little Rock-North Little Rock-Conway, AR","05","Arkansas","119","Pulaski","34.7561888042723","-92.2812958643647"
"03/19/2023","AQS","051190007","2","0.4","ppm","5","PARR","24","100.0000","42101","Carbon monoxide","054","30780","Little Rock-North Little Rock-Conway, AR","05","Arkansas","119","Pulaski","34.7561888042723","-92.2812958643647"
"03/20/2023","AQS","051190007","2","0.4","ppm","5","PARR","24","100.0000","42101","Carbon monoxide","054","30780","Little Rock-North Little Rock-Conway, AR","05","Arkansas","119","Pulaski","34.7561888042723","-92.2812958643647"
"03/21/2023","AQS","051190007","2","0.5","ppm","6","PARR","24","100.0000","42101","Carbon monoxide","054","30780","Little Rock-North Little Rock-Conway, AR","05","Arkansas","119","Pulaski","34.7561888042723","-92.2812958643647"
"03/22/2023","AQS","051190007","2","0.5","ppm","6","PARR","24","100.0000","42101","Carbon monoxide","054","30780","Little Rock-North Little Rock-Conway, AR","05","Arkansas","119","Pulaski","34.7561888042723","-92.2812958643647"
"03/23/2023","AQS","051190007","2","0.5","ppm","6","PARR","24","100.0000","42101","Carbon monoxide","054","30780","Little Rock-North Little Rock-Conway, AR","05","Arkansas","119","Pulaski","34.7561888042723","-92.2812958643647"
"03/24/2023","AQS","051190007","2","0.5","ppm","6","PARR","24","100.0000","42101","Carbon monoxide","054","30780","Little Rock-North Little Rock-Conway, AR","05","Arkansas","119","Pulaski","34.7561888042723","-92.2812958643647"
"03/25/2023","AQS","051190007","2","0.6","ppm","7","PARR","24","100.0000","42101","Carbon monoxide","054","30780","Little Rock-North Little Rock-Conway, AR","05","Arkansas","119","Pulaski","34.7561888042723","-92.2812958643647"
"03/26/2023","AQS","051190007","2","0.6","ppm","7","PARR","24","100.0000","42101","Carbon monoxide","054","30780","Little Rock-North Little Rock-Conway, AR","05","Arkansas","119","Pulaski","34.7561888042723","-92.2812958643647"
"03/27/2023","AQS","051190007","2","0.6","ppm","7","PARR","24","100.0000","42101","Carbon monoxide","054","30780","Little Rock-North Little Rock-Conway, AR","05","Arkansas","119","Pulaski","34.7561888042723","-92.2812958643647"
"03/28/2023","AQS","051190007","2","0.6","ppm","7","PARR","24","100.0000","42101","Carbon monoxide","054","30780","Little Rock-North Little Rock-Conway, AR","05","Arkansas","119","Pulaski","34.7561888042723","-92.2812958643647"
"03/29/2023","AQS","051190007","2","0.6","ppm","7","PARR","24","100.0000","42101","Carbon monoxide","054","30780","Little Rock-North Little Rock-Conway, AR","05","Arkansas","119","Pulaski","34.7561888042723","-92.2812958643647"
"03/30/2023","AQS","051190007","2","0.6","ppm","7","PARR","24","100.0000","42101","Carbon monoxide","054","30780","Little Rock-North Little Rock-Conway, AR","05","Arkansas","119","Pulaski","34.7561888042723","-92.2812958643647"
"03/31/2023","AQS","051190007","2","0.5","ppm","6","PARR","24","100.0000","42101","Carbon monoxide","054","30780","Little Rock-North Little Rock-Conway, AR","05","Arkansas","119","Pulaski","34.7561888042723","-92.2812958643647"
"04/01/2023","AQS","051190007","2","0.6","ppm","7","PARR","24","100.0000","42101","Carbon monoxide","054","30780","Little Rock-North Little Rock-Conway, AR","05","Arkansas","119","Pulaski","34.7561888042723","-92.2812958643647"
"04/02/2023","AQS","051190007","2","0.6","ppm","7","PARR","24","100.0000","42101","Carbon monoxide","054","30780","Little Rock-North Little Rock-Conway, AR","05","Arkansas","119","Pulaski","34.7561888042723","-92.2812958643647"
"04/03/2023","AQS","051190007","2","0.6","ppm","7","PARR","24","100.0000","42101","Carbon monoxide","054","30780","Little Rock-North Little Rock-Conway, AR","05","Arkansas","119","Pulaski","34.7561888042723","-92.2812958643647"
"04/04/2023","AQS","051190007","2","0.6","ppm","7","PARR","24","100.0000","42101","Carbon monoxide","054","30780","Little Rock-North Little Rock-Conway, AR","05","Arkansas","119","Pulaski","34.7561888042723","-92.2812958643647"
"04/05/2023","AQS","051190007","2","0.6","ppm","7","PARR","24","100.0000","42101","Carbon monoxide","054","30780","Little Rock-North Little Rock-Conway, AR","05","Arkansas","119","Pulaski","34.7561888042723","-92.2812958643647"
"04/06/2023","AQS","051190007","2","0.6","ppm","7","PARR","24","100.0000","42101","Carbon monoxide","054","30780","Little Rock-North Little Rock-Conway, AR","05","Arkansas","119","Pulaski","34.7561888042723","-92.2812958643647"
"04/07/2023","AQS","051190007","2","0.6","ppm","7","PARR","24","100.0000","42101","Carbon monoxide","054","30780","Little Rock-North Little Rock-Conway, AR","05","Arkansas","119","Pulaski","34.7561888042723","-92.2812958643647"
"04/08/2023","AQS","051190007","2","0.7","ppm","8","PARR","24","100.0000","42101","Carbon monoxide","054","30780","Little Rock-North Little Rock-Conway, AR","05","Arkansas","119","Pulaski","34.7561888042723","-92.2812958643647"
"04/09/2023","AQS","051190007","2","0.7","ppm","8","PARR","24","100.0000","42101","Carbon monoxide","054","30780","Little Rock-North Little Rock-Conway, AR","05","Arkansas","119","Pulaski","34.7561888042723","-92.2812958643647"
"04/10/2023","AQS","051190007","2","0.7","ppm","8","PARR","24","100.0000","42101","Carbon monoxide","054","30780","Little Rock-North Little Rock-Conway, AR","05","Arkansas","119","Pulaski","34.7561888042723","-92.2812958643647"
"04/11/2023","AQS","051190007","2","0.8","ppm","9","PARR","24","100.0000","42101","Carbon monoxide","054","30780","Little Rock-North Little Rock-Conway, AR","05","Arkansas","119","Pulaski","34.7561888042723","-92.2812958643647"
"04/12/2023","AQS","051190007","2","0.8","ppm","9","PARR","17","71.0000","42101","Carbon monoxide","054","30780","Little Rock-North Little Rock-Conway, AR","05","Arkansas","119","Pulaski","34.7561888042723","-92.2812958643647"
"04/13/2023","AQS","051190007","2","0.2","ppm","2","PARR","24","100.0000","42101","Carbon monoxide","054","30780","Little Rock-North Little Rock-Conway, AR","05","Arkansas","119","Pulaski","34.7561888042723","-92.2812958643647"
"04/14/2023","AQS","051190007","2","0.3","ppm","3","PARR","24","100.0000","42101","Carbon monoxide","054","30780","Little Rock-North Little Rock-Conway, AR","05","Arkansas","119","Pulaski","34.7561888042723","-92.2812958643647"
"04/15/2023","AQS","051190007","2","0.2","ppm","2","PARR","24","100.0000","42101","Carbon monoxide","054","30780","Little Rock-North Little Rock-Conway, AR","05","Arkansas","119","Pulaski","34.7561888042723","-92.2812958643647"
"04/16/2023","AQS","051190007","2","0.2","ppm","2","PARR","24","100.0000","42101","Carbon monoxide","054","30780","Little Rock-North Little Rock-Conway, AR","05","Arkansas","119","Pulaski","34.7561888042723","-92.2812958643647"
"04/17/2023","AQS","051190007","2","0.2","ppm","2","PARR","24","100.0000","42101","Carbon monoxide","054","30780","Little Rock-North Little Rock-Conway, AR","05","Arkansas","119","Pulaski","34.7561888042723","-92.2812958643647"
"04/18/2023","AQS","051190007","2","0.3","ppm","3","PARR","24","100.0000","42101","Carbon monoxide","054","30780","Little Rock-North Little Rock-Conway, AR","05","Arkansas","119","Pulaski","34.7561888042723","-92.2812958643647"
"04/19/2023","AQS","051190007","2","0.2","ppm","2","PARR","24","100.0000","42101","Carbon monoxide","054","30780","Little Rock-North Little Rock-Conway, AR","05","Arkansas","119","Pulaski","34.7561888042723","-92.2812958643647"
"04/20/2023","AQS","051190007","2","0.3","ppm","3","PARR","24","100.0000","42101","Carbon monoxide","054","30780","Little Rock-North Little Rock-Conway, AR","05","Arkansas","119","Pulaski","34.7561888042723","-92.2812958643647"
"04/21/2023","AQS","051190007","2","0.3","ppm","3","PARR","24","100.0000","42101","Carbon monoxide","054","30780","Little Rock-North Little Rock-Conway, AR","05","Arkansas","119","Pulaski","34.7561888042723","-92.2812958643647"
"04/22/2023","AQS","051190007","2","0.3","ppm","3","PARR","24","100.0000","42101","Carbon monoxide","054","30780","Little Rock-North Little Rock-Conway, AR","05","Arkansas","119","Pulaski","34.7561888042723","-92.2812958643647"
"04/23/2023","AQS","051190007","2","0.3","ppm","3","PARR","24","100.0000","42101","Carbon monoxide","054","30780","Little Rock-North Little Rock-Conway, AR","05","Arkansas","119","Pulaski","34.7561888042723","-92.2812958643647"
"04/24/2023","AQS","051190007","2","0.3","ppm","3","PARR","24","100.0000","42101","Carbon monoxide","054","30780","Little Rock-North Little Rock-Conway, AR","05","Arkansas","119","Pulaski","34.7561888042723","-92.2812958643647"
"04/25/2023","AQS","051190007","2","0.3","ppm","3","PARR","24","100.0000","42101","Carbon monoxide","054","30780","Little Rock-North Little Rock-Conway, AR","05","Arkansas","119","Pulaski","34.7561888042723","-92.2812958643647"
"04/26/2023","AQS","051190007","2","0.3","ppm","3","PARR","24","100.0000","42101","Carbon monoxide","054","30780","Little Rock-North Little Rock-Conway, AR","05","Arkansas","119","Pulaski","34.7561888042723","-92.2812958643647"
"04/27/2023","AQS","051190007","2","0.3","ppm","3","PARR","24","100.0000","42101","Carbon monoxide","054","30780","Little Rock-North Little Rock-Conway, AR","05","Arkansas","119","Pulaski","34.7561888042723","-92.2812958643647"
"04/28/2023","AQS","051190007","2","0.3","ppm","3","PARR","24","100.0000","42101","Carbon monoxide","054","30780","Little Rock-North Little Rock-Conway, AR","05","Arkansas","119","Pulaski","34.7561888042723","-92.2812958643647"
"04/29/2023","AQS","051190007","2","0.3","ppm","3","PARR","24","100.0000","42101","Carbon monoxide","054","30780","Little Rock-North Little Rock-Conway, AR","05","Arkansas","119","Pulaski","34.7561888042723","-92.2812958643647"
"04/30/2023","AQS","051190007","2","0.3","ppm","3","PARR","24","100.0000","42101","Carbon monoxide","054","30780","Little Rock-North Little Rock-Conway, AR","05","Arkansas","119","Pulaski","34.7561888042723","-92.2812958643647"
"05/01/2023","AQS","051190007","2","0.2","ppm","2","PARR","24","100.0000","42101","Carbon monoxide","054","30780","Little Rock-North Little Rock-Conway, AR","05","Arkansas","119","Pulaski","34.7561888042723","-92.2812958643647"
"05/02/2023","AQS","051190007","2","0.3","ppm","3","PARR","24","100.0000","42101","Carbon monoxide","054","30780","Little Rock-North Little Rock-Conway, AR","05","Arkansas","119","Pulaski","34.7561888042723","-92.2812958643647"
"05/03/2023","AQS","051190007","2","0.4","ppm","5","PARR","24","100.0000","42101","Carbon monoxide","054","30780","Little Rock-North Little Rock-Conway, AR","05","Arkansas","119","Pulaski","34.7561888042723","-92.2812958643647"
"05/04/2023","AQS","051190007","2","0.6","ppm","7","PARR","24","100.0000","42101","Carbon monoxide","054","30780","Little Rock-North Little Rock-Conway, AR","05","Arkansas","119","Pulaski","34.7561888042723","-92.2812958643647"
"05/05/2023","AQS","051190007","2","0.4","ppm","5","PARR","24","100.0000","42101","Carbon monoxide","054","30780","Little Rock-North Little Rock-Conway, AR","05","Arkansas","119","Pulaski","34.7561888042723","-92.2812958643647"
"05/06/2023","AQS","051190007","2","0.4","ppm","5","PARR","24","100.0000","42101","Carbon monoxide","054","30780","Little Rock-North Little Rock-Conway, AR","05","Arkansas","119","Pulaski","34.7561888042723","-92.2812958643647"
"05/07/2023","AQS","051190007","2","0.4","ppm","5","PARR","24","100.0000","42101","Carbon monoxide","054","30780","Little Rock-North Little Rock-Conway, AR","05","Arkansas","119","Pulaski","34.7561888042723","-92.2812958643647"
"05/08/2023","AQS","051190007","2","0.4","ppm","5","PARR","24","100.0000","42101","Carbon monoxide","054","30780","Little Rock-North Little Rock-Conway, AR","05","Arkansas","119","Pulaski","34.7561888042723","-92.2812958643647"
"05/09/2023","AQS","051190007","2","0.4","ppm","5","PARR","24","100.0000","42101","Carbon monoxide","054","30780","Little Rock-North Little Rock-Conway, AR","05","Arkansas","119","Pulaski","34.7561888042723","-92.2812958643647"
"05/10/2023","AQS","051190007","2","0.5","ppm","6","PARR","24","100.0000","42101","Carbon monoxide","054","30780","Little Rock-North Little Rock-Conway, AR","05","Arkansas","119","Pulaski","34.7561888042723","-92.2812958643647"
"05/11/2023","AQS","051190007","2","0.5","ppm","6","PARR","24","100.0000","42101","Carbon monoxide","054","30780","Little Rock-North Little Rock-Conway, AR","05","Arkansas","119","Pulaski","34.7561888042723","-92.2812958643647"
"05/12/2023","AQS","051190007","2","0.5","ppm","6","PARR","24","100.0000","42101","Carbon monoxide","054","30780","Little Rock-North Little Rock-Conway, AR","05","Arkansas","119","Pulaski","34.7561888042723","-92.2812958643647"
"05/13/2023","AQS","051190007","2","0.5","ppm","6","PARR","24","100.0000","42101","Carbon monoxide","054","30780","Little Rock-North Little Rock-Conway, AR","05","Arkansas","119","Pulaski","34.7561888042723","-92.2812958643647"
"05/14/2023","AQS","051190007","2","0.5","ppm","6","PARR","24","100.0000","42101","Carbon monoxide","054","30780","Little Rock-North Little Rock-Conway, AR","05","Arkansas","119","Pulaski","34.7561888042723","-92.2812958643647"
"05/15/2023","AQS","051190007","2","0.6","ppm","7","PARR","24","100.0000","42101","Carbon monoxide","054","30780","Little Rock-North Little Rock-Conway, AR","05","Arkansas","119","Pulaski","34.7561888042723","-92.2812958643647"
"05/16/2023","AQS","051190007","2","0.5","ppm","6","PARR","24","100.0000","42101","Carbon monoxide","054","30780","Little Rock-North Little Rock-Conway, AR","05","Arkansas","119","Pulaski","34.7561888042723","-92.2812958643647"
"05/17/2023","AQS","051190007","2","0.5","ppm","6","PARR","24","100.0000","42101","Carbon monoxide","054","30780","Little Rock-North Little Rock-Conway, AR","05","Arkansas","119","Pulaski","34.7561888042723","-92.2812958643647"
"05/18/2023","AQS","051190007","2","0.6","ppm","7","PARR","24","100.0000","42101","Carbon monoxide","054","30780","Little Rock-North Little Rock-Conway, AR","05","Arkansas","119","Pulaski","34.7561888042723","-92.2812958643647"
"05/19/2023","AQS","051190007","2","0.6","ppm","7","PARR","24","100.0000","42101","Carbon monoxide","054","30780","Little Rock-North Little Rock-Conway, AR","05","Arkansas","119","Pulaski","34.7561888042723","-92.2812958643647"
"05/20/2023","AQS","051190007","2","0.6","ppm","7","PARR","24","100.0000","42101","Carbon monoxide","054","30780","Little Rock-North Little Rock-Conway, AR","05","Arkansas","119","Pulaski","34.7561888042723","-92.2812958643647"
"05/21/2023","AQS","051190007","2","0.7","ppm","8","PARR","24","100.0000","42101","Carbon monoxide","054","30780","Little Rock-North Little Rock-Conway, AR","05","Arkansas","119","Pulaski","34.7561888042723","-92.2812958643647"
"05/22/2023","AQS","051190007","2","0.7","ppm","8","PARR","24","100.0000","42101","Carbon monoxide","054","30780","Little Rock-North Little Rock-Conway, AR","05","Arkansas","119","Pulaski","34.7561888042723","-92.2812958643647"
"05/23/2023","AQS","051190007","2","0.7","ppm","8","PARR","24","100.0000","42101","Carbon monoxide","054","30780","Little Rock-North Little Rock-Conway, AR","05","Arkansas","119","Pulaski","34.7561888042723","-92.2812958643647"
"05/24/2023","AQS","051190007","2","0.7","ppm","8","PARR","24","100.0000","42101","Carbon monoxide","054","30780","Little Rock-North Little Rock-Conway, AR","05","Arkansas","119","Pulaski","34.7561888042723","-92.2812958643647"
"05/25/2023","AQS","051190007","2","0.7","ppm","8","PARR","24","100.0000","42101","Carbon monoxide","054","30780","Little Rock-North Little Rock-Conway, AR","05","Arkansas","119","Pulaski","34.7561888042723","-92.2812958643647"
"05/26/2023","AQS","051190007","2","0.7","ppm","8","PARR","24","100.0000","42101","Carbon monoxide","054","30780","Little Rock-North Little Rock-Conway, AR","05","Arkansas","119","Pulaski","34.7561888042723","-92.2812958643647"
"05/27/2023","AQS","051190007","2","0.7","ppm","8","PARR","24","100.0000","42101","Carbon monoxide","054","30780","Little Rock-North Little Rock-Conway, AR","05","Arkansas","119","Pulaski","34.7561888042723","-92.2812958643647"
"05/28/2023","AQS","051190007","2","0.7","ppm","8","PARR","24","100.0000","42101","Carbon monoxide","054","30780","Little Rock-North Little Rock-Conway, AR","05","Arkansas","119","Pulaski","34.7561888042723","-92.2812958643647"
"05/29/2023","AQS","051190007","2","0.8","ppm","9","PARR","24","100.0000","42101","Carbon monoxide","054","30780","Little Rock-North Little Rock-Conway, AR","05","Arkansas","119","Pulaski","34.7561888042723","-92.2812958643647"
"05/30/2023","AQS","051190007","2","0.8","ppm","9","PARR","24","100.0000","42101","Carbon monoxide","054","30780","Little Rock-North Little Rock-Conway, AR","05","Arkansas","119","Pulaski","34.7561888042723","-92.2812958643647"
"05/31/2023","AQS","051190007","2","0.8","ppm","9","PARR","24","100.0000","42101","Carbon monoxide","054","30780","Little Rock-North Little Rock-Conway, AR","05","Arkansas","119","Pulaski","34.7561888042723","-92.2812958643647"
"06/01/2023","AQS","051190007","2","0.8","ppm","9","PARR","24","100.0000","42101","Carbon monoxide","054","30780","Little Rock-North Little Rock-Conway, AR","05","Arkansas","119","Pulaski","34.7561888042723","-92.2812958643647"
"06/02/2023","AQS","051190007","2","0.8","ppm","9","PARR","24","100.0000","42101","Carbon monoxide","054","30780","Little Rock-North Little Rock-Conway, AR","05","Arkansas","119","Pulaski","34.7561888042723","-92.2812958643647"
"06/03/2023","AQS","051190007","2","0.8","ppm","9","PARR","24","100.0000","42101","Carbon monoxide","054","30780","Little Rock-North Little Rock-Conway, AR","05","Arkansas","119","Pulaski","34.7561888042723","-92.2812958643647"
"06/04/2023","AQS","051190007","2","0.8","ppm","9","PARR","24","100.0000","42101","Carbon monoxide","054","30780","Little Rock-North Little Rock-Conway, AR","05","Arkansas","119","Pulaski","34.7561888042723","-92.2812958643647"
"06/05/2023","AQS","051190007","2","0.8","ppm","9","PARR","24","100.0000","42101","Carbon monoxide","054","30780","Little Rock-North Little Rock-Conway, AR","05","Arkansas","119","Pulaski","34.7561888042723","-92.2812958643647"
"06/06/2023","AQS","051190007","2","0.9","ppm","10","PARR","24","100.0000","42101","Carbon monoxide","054","30780","Little Rock-North Little Rock-Conway, AR","05","Arkansas","119","Pulaski","34.7561888042723","-92.2812958643647"
"06/07/2023","AQS","051190007","2","0.9","ppm","10","PARR","24","100.0000","42101","Carbon monoxide","054","30780","Little Rock-North Little Rock-Conway, AR","05","Arkansas","119","Pulaski","34.7561888042723","-92.2812958643647"
"06/08/2023","AQS","051190007","2","0.9","ppm","10","PARR","24","100.0000","42101","Carbon monoxide","054","30780","Little Rock-North Little Rock-Conway, AR","05","Arkansas","119","Pulaski","34.7561888042723","-92.2812958643647"
"06/09/2023","AQS","051190007","2","0.6","ppm","7","PARR","24","100.0000","42101","Carbon monoxide","054","30780","Little Rock-North Little Rock-Conway, AR","05","Arkansas","119","Pulaski","34.7561888042723","-92.2812958643647"
"06/10/2023","AQS","051190007","2","0.7","ppm","8","PARR","24","100.0000","42101","Carbon monoxide","054","30780","Little Rock-North Little Rock-Conway, AR","05","Arkansas","119","Pulaski","34.7561888042723","-92.2812958643647"
"06/11/2023","AQS","051190007","2","0.6","ppm","7","PARR","24","100.0000","42101","Carbon monoxide","054","30780","Little Rock-North Little Rock-Conway, AR","05","Arkansas","119","Pulaski","34.7561888042723","-92.2812958643647"
"06/12/2023","AQS","051190007","2","0.6","ppm","7","PARR","24","100.0000","42101","Carbon monoxide","054","30780","Little Rock-North Little Rock-Conway, AR","05","Arkansas","119","Pulaski","34.7561888042723","-92.2812958643647"
"06/13/2023","AQS","051190007","2","0.6","ppm","7","PARR","24","100.0000","42101","Carbon monoxide","054","30780","Little Rock-North Little Rock-Conway, AR","05","Arkansas","119","Pulaski","34.7561888042723","-92.2812958643647"
"06/14/2023","AQS","051190007","2","0.6","ppm","7","PARR","24","100.0000","42101","Carbon monoxide","054","30780","Little Rock-North Little Rock-Conway, AR","05","Arkansas","119","Pulaski","34.7561888042723","-92.2812958643647"
"06/15/2023","AQS","051190007","2","0.7","ppm","8","PARR","24","100.0000","42101","Carbon monoxide","054","30780","Little Rock-North Little Rock-Conway, AR","05","Arkansas","119","Pulaski","34.7561888042723","-92.2812958643647"
"06/16/2023","AQS","051190007","2","0.7","ppm","8","PARR","24","100.0000","42101","Carbon monoxide","054","30780","Little Rock-North Little Rock-Conway, AR","05","Arkansas","119","Pulaski","34.7561888042723","-92.2812958643647"
"06/17/2023","AQS","051190007","2","0.7","ppm","8","PARR","24","100.0000","42101","Carbon monoxide","054","30780","Little Rock-North Little Rock-Conway, AR","05","Arkansas","119","Pulaski","34.7561888042723","-92.2812958643647"
"06/18/2023","AQS","051190007","2","0.7","ppm","8","PARR","24","100.0000","42101","Carbon monoxide","054","30780","Little Rock-North Little Rock-Conway, AR","05","Arkansas","119","Pulaski","34.7561888042723","-92.2812958643647"
"06/19/2023","AQS","051190007","2","0.6","ppm","7","PARR","24","100.0000","42101","Carbon monoxide","054","30780","Little Rock-North Little Rock-Conway, AR","05","Arkansas","119","Pulaski","34.7561888042723","-92.2812958643647"
"06/20/2023","AQS","051190007","2","0.6","ppm","7","PARR","24","100.0000","42101","Carbon monoxide","054","30780","Little Rock-North Little Rock-Conway, AR","05","Arkansas","119","Pulaski","34.7561888042723","-92.2812958643647"
"06/21/2023","AQS","051190007","2","0.6","ppm","7","PARR","24","100.0000","42101","Carbon monoxide","054","30780","Little Rock-North Little Rock-Conway, AR","05","Arkansas","119","Pulaski","34.7561888042723","-92.2812958643647"
"06/22/2023","AQS","051190007","2","0.7","ppm","8","PARR","24","100.0000","42101","Carbon monoxide","054","30780","Little Rock-North Little Rock-Conway, AR","05","Arkansas","119","Pulaski","34.7561888042723","-92.2812958643647"
"06/23/2023","AQS","051190007","2","0.7","ppm","8","PARR","24","100.0000","42101","Carbon monoxide","054","30780","Little Rock-North Little Rock-Conway, AR","05","Arkansas","119","Pulaski","34.7561888042723","-92.2812958643647"
"06/24/2023","AQS","051190007","2","0.7","ppm","8","PARR","24","100.0000","42101","Carbon monoxide","054","30780","Little Rock-North Little Rock-Conway, AR","05","Arkansas","119","Pulaski","34.7561888042723","-92.2812958643647"
"06/25/2023","AQS","051190007","2","0.6","ppm","7","PARR","24","100.0000","42101","Carbon monoxide","054","30780","Little Rock-North Little Rock-Conway, AR","05","Arkansas","119","Pulaski","34.7561888042723","-92.2812958643647"
"06/26/2023","AQS","051190007","2","0.7","ppm","8","PARR","24","100.0000","42101","Carbon monoxide","054","30780","Little Rock-North Little Rock-Conway, AR","05","Arkansas","119","Pulaski","34.7561888042723","-92.2812958643647"
"06/27/2023","AQS","051190007","2","0.8","ppm","9","PARR","24","100.0000","42101","Carbon monoxide","054","30780","Little Rock-North Little Rock-Conway, AR","05","Arkansas","119","Pulaski","34.7561888042723","-92.2812958643647"
"06/28/2023","AQS","051190007","2","0.9","ppm","10","PARR","24","100.0000","42101","Carbon monoxide","054","30780","Little Rock-North Little Rock-Conway, AR","05","Arkansas","119","Pulaski","34.7561888042723","-92.2812958643647"
"06/29/2023","AQS","051190007","2","0.7","ppm","8","PARR","24","100.0000","42101","Carbon monoxide","054","30780","Little Rock-North Little Rock-Conway, AR","05","Arkansas","119","Pulaski","34.7561888042723","-92.2812958643647"
"06/30/2023","AQS","051190007","2","0.7","ppm","8","PARR","24","100.0000","42101","Carbon monoxide","054","30780","Little Rock-North Little Rock-Conway, AR","05","Arkansas","119","Pulaski","34.7561888042723","-92.2812958643647"
"07/01/2023","AQS","051190007","2","0.7","ppm","8","PARR","24","100.0000","42101","Carbon monoxide","054","30780","Little Rock-North Little Rock-Conway, AR","05","Arkansas","119","Pulaski","34.7561888042723","-92.2812958643647"
"07/02/2023","AQS","051190007","2","0.7","ppm","8","PARR","24","100.0000","42101","Carbon monoxide","054","30780","Little Rock-North Little Rock-Conway, AR","05","Arkansas","119","Pulaski","34.7561888042723","-92.2812958643647"
"07/03/2023","AQS","051190007","2","0.8","ppm","9","PARR","24","100.0000","42101","Carbon monoxide","054","30780","Little Rock-North Little Rock-Conway, AR","05","Arkansas","119","Pulaski","34.7561888042723","-92.2812958643647"
"07/04/2023","AQS","051190007","2","0.7","ppm","8","PARR","24","100.0000","42101","Carbon monoxide","054","30780","Little Rock-North Little Rock-Conway, AR","05","Arkansas","119","Pulaski","34.7561888042723","-92.2812958643647"
"07/05/2023","AQS","051190007","2","0.8","ppm","9","PARR","24","100.0000","42101","Carbon monoxide","054","30780","Little Rock-North Little Rock-Conway, AR","05","Arkansas","119","Pulaski","34.7561888042723","-92.2812958643647"
"07/06/2023","AQS","051190007","2","0.8","ppm","9","PARR","18","75.0000","42101","Carbon monoxide","054","30780","Little Rock-North Little Rock-Conway, AR","05","Arkansas","119","Pulaski","34.7561888042723","-92.2812958643647"
"07/07/2023","AQS","051190007","2","0.4","ppm","5","PARR","24","100.0000","42101","Carbon monoxide","054","30780","Little Rock-North Little Rock-Conway, AR","05","Arkansas","119","Pulaski","34.7561888042723","-92.2812958643647"
"07/08/2023","AQS","051190007","2","0.4","ppm","5","PARR","24","100.0000","42101","Carbon monoxide","054","30780","Little Rock-North Little Rock-Conway, AR","05","Arkansas","119","Pulaski","34.7561888042723","-92.2812958643647"
"07/09/2023","AQS","051190007","2","0.4","ppm","5","PARR","24","100.0000","42101","Carbon monoxide","054","30780","Little Rock-North Little Rock-Conway, AR","05","Arkansas","119","Pulaski","34.7561888042723","-92.2812958643647"
"07/10/2023","AQS","051190007","2","0.4","ppm","5","PARR","24","100.0000","42101","Carbon monoxide","054","30780","Little Rock-North Little Rock-Conway, AR","05","Arkansas","119","Pulaski","34.7561888042723","-92.2812958643647"
"07/11/2023","AQS","051190007","2","0.6","ppm","7","PARR","24","100.0000","42101","Carbon monoxide","054","30780","Little Rock-North Little Rock-Conway, AR","05","Arkansas","119","Pulaski","34.7561888042723","-92.2812958643647"
"07/12/2023","AQS","051190007","2","0.5","ppm","6","PARR","24","100.0000","42101","Carbon monoxide","054","30780","Little Rock-North Little Rock-Conway, AR","05","Arkansas","119","Pulaski","34.7561888042723","-92.2812958643647"
"07/13/2023","AQS","051190007","2","0.4","ppm","5","PARR","24","100.0000","42101","Carbon monoxide","054","30780","Little Rock-North Little Rock-Conway, AR","05","Arkansas","119","Pulaski","34.7561888042723","-92.2812958643647"
"07/14/2023","AQS","051190007","2","0.5","ppm","6","PARR","24","100.0000","42101","Carbon monoxide","054","30780","Little Rock-North Little Rock-Conway, AR","05","Arkansas","119","Pulaski","34.7561888042723","-92.2812958643647"
"07/15/2023","AQS","051190007","2","0.6","ppm","7","PARR","24","100.0000","42101","Carbon monoxide","054","30780","Little Rock-North Little Rock-Conway, AR","05","Arkansas","119","Pulaski","34.7561888042723","-92.2812958643647"
"07/16/2023","AQS","051190007","2","0.7","ppm","8","PARR","24","100.0000","42101","Carbon monoxide","054","30780","Little Rock-North Little Rock-Conway, AR","05","Arkansas","119","Pulaski","34.7561888042723","-92.2812958643647"
"07/17/2023","AQS","051190007","2","0.7","ppm","8","PARR","24","100.0000","42101","Carbon monoxide","054","30780","Little Rock-North Little Rock-Conway, AR","05","Arkansas","119","Pulaski","34.7561888042723","-92.2812958643647"
"07/18/2023","AQS","051190007","2","0.5","ppm","6","PARR","24","100.0000","42101","Carbon monoxide","054","30780","Little Rock-North Little Rock-Conway, AR","05","Arkansas","119","Pulaski","34.7561888042723","-92.2812958643647"
"07/19/2023","AQS","051190007","2","0.5","ppm","6","PARR","18","75.0000","42101","Carbon monoxide","054","30780","Little Rock-North Little Rock-Conway, AR","05","Arkansas","119","Pulaski","34.7561888042723","-92.2812958643647"
"07/20/2023","AQS","051190007","2","0.3","ppm","3","PARR","24","100.0000","42101","Carbon monoxide","054","30780","Little Rock-North Little Rock-Conway, AR","05","Arkansas","119","Pulaski","34.7561888042723","-92.2812958643647"
"07/21/2023","AQS","051190007","2","0.3","ppm","3","PARR","24","100.0000","42101","Carbon monoxide","054","30780","Little Rock-North Little Rock-Conway, AR","05","Arkansas","119","Pulaski","34.7561888042723","-92.2812958643647"
"07/22/2023","AQS","051190007","2","0.4","ppm","5","PARR","24","100.0000","42101","Carbon monoxide","054","30780","Little Rock-North Little Rock-Conway, AR","05","Arkansas","119","Pulaski","34.7561888042723","-92.2812958643647"
"07/23/2023","AQS","051190007","2","0.5","ppm","6","PARR","24","100.0000","42101","Carbon monoxide","054","30780","Little Rock-North Little Rock-Conway, AR","05","Arkansas","119","Pulaski","34.7561888042723","-92.2812958643647"
"07/24/2023","AQS","051190007","2","0.5","ppm","6","PARR","24","100.0000","42101","Carbon monoxide","054","30780","Little Rock-North Little Rock-Conway, AR","05","Arkansas","119","Pulaski","34.7561888042723","-92.2812958643647"
"07/25/2023","AQS","051190007","2","0.5","ppm","6","PARR","24","100.0000","42101","Carbon monoxide","054","30780","Little Rock-North Little Rock-Conway, AR","05","Arkansas","119","Pulaski","34.7561888042723","-92.2812958643647"
"07/26/2023","AQS","051190007","2","0.5","ppm","6","PARR","24","100.0000","42101","Carbon monoxide","054","30780","Little Rock-North Little Rock-Conway, AR","05","Arkansas","119","Pulaski","34.7561888042723","-92.2812958643647"
"07/27/2023","AQS","051190007","2","0.6","ppm","7","PARR","24","100.0000","42101","Carbon monoxide","054","30780","Little Rock-North Little Rock-Conway, AR","05","Arkansas","119","Pulaski","34.7561888042723","-92.2812958643647"
"07/28/2023","AQS","051190007","2","0.6","ppm","7","PARR","18","75.0000","42101","Carbon monoxide","054","30780","Little Rock-North Little Rock-Conway, AR","05","Arkansas","119","Pulaski","34.7561888042723","-92.2812958643647"
"07/29/2023","AQS","051190007","2","0.5","ppm","6","PARR","24","100.0000","42101","Carbon monoxide","054","30780","Little Rock-North Little Rock-Conway, AR","05","Arkansas","119","Pulaski","34.7561888042723","-92.2812958643647"
"07/30/2023","AQS","051190007","2","0.4","ppm","5","PARR","24","100.0000","42101","Carbon monoxide","054","30780","Little Rock-North Little Rock-Conway, AR","05","Arkansas","119","Pulaski","34.7561888042723","-92.2812958643647"
"07/31/2023","AQS","051190007","2","0.4","ppm","5","PARR","12","50.0000","42101","Carbon monoxide","054","30780","Little Rock-North Little Rock-Conway, AR","05","Arkansas","119","Pulaski","34.7561888042723","-92.2812958643647"
"08/01/2023","AQS","051190007","2","0.4","ppm","5","PARR","24","100.0000","42101","Carbon monoxide","054","30780","Little Rock-North Little Rock-Conway, AR","05","Arkansas","119","Pulaski","34.7561888042723","-92.2812958643647"
"08/02/2023","AQS","051190007","2","0.4","ppm","5","PARR","24","100.0000","42101","Carbon monoxide","054","30780","Little Rock-North Little Rock-Conway, AR","05","Arkansas","119","Pulaski","34.7561888042723","-92.2812958643647"
"08/03/2023","AQS","051190007","2","0.4","ppm","5","PARR","24","100.0000","42101","Carbon monoxide","054","30780","Little Rock-North Little Rock-Conway, AR","05","Arkansas","119","Pulaski","34.7561888042723","-92.2812958643647"
"08/04/2023","AQS","051190007","2","0.5","ppm","6","PARR","24","100.0000","42101","Carbon monoxide","054","30780","Little Rock-North Little Rock-Conway, AR","05","Arkansas","119","Pulaski","34.7561888042723","-92.2812958643647"
"08/05/2023","AQS","051190007","2","0.6","ppm","7","PARR","24","100.0000","42101","Carbon monoxide","054","30780","Little Rock-North Little Rock-Conway, AR","05","Arkansas","119","Pulaski","34.7561888042723","-92.2812958643647"
"08/06/2023","AQS","051190007","2","0.7","ppm","8","PARR","24","100.0000","42101","Carbon monoxide","054","30780","Little Rock-North Little Rock-Conway, AR","05","Arkansas","119","Pulaski","34.7561888042723","-92.2812958643647"
"08/07/2023","AQS","051190007","2","0.5","ppm","6","PARR","24","100.0000","42101","Carbon monoxide","054","30780","Little Rock-North Little Rock-Conway, AR","05","Arkansas","119","Pulaski","34.7561888042723","-92.2812958643647"
"08/08/2023","AQS","051190007","2","0.5","ppm","6","PARR","24","100.0000","42101","Carbon monoxide","054","30780","Little Rock-North Little Rock-Conway, AR","05","Arkansas","119","Pulaski","34.7561888042723","-92.2812958643647"
"08/09/2023","AQS","051190007","2","0.5","ppm","6","PARR","24","100.0000","42101","Carbon monoxide","054","30780","Little Rock-North Little Rock-Conway, AR","05","Arkansas","119","Pulaski","34.7561888042723","-92.2812958643647"
"08/10/2023","AQS","051190007","2","0.5","ppm","6","PARR","16","67.0000","42101","Carbon monoxide","054","30780","Little Rock-North Little Rock-Conway, AR","05","Arkansas","119","Pulaski","34.7561888042723","-92.2812958643647"
"08/11/2023","AQS","051190007","2","0.5","ppm","6","PARR","24","100.0000","42101","Carbon monoxide","054","30780","Little Rock-North Little Rock-Conway, AR","05","Arkansas","119","Pulaski","34.7561888042723","-92.2812958643647"
"08/12/2023","AQS","051190007","2","0.6","ppm","7","PARR","24","100.0000","42101","Carbon monoxide","054","30780","Little Rock-North Little Rock-Conway, AR","05","Arkansas","119","Pulaski","34.7561888042723","-92.2812958643647"
"08/13/2023","AQS","051190007","2","0.6","ppm","7","PARR","24","100.0000","42101","Carbon monoxide","054","30780","Little Rock-North Little Rock-Conway, AR","05","Arkansas","119","Pulaski","34.7561888042723","-92.2812958643647"
"08/14/2023","AQS","051190007","2","0.6","ppm","7","PARR","24","100.0000","42101","Carbon monoxide","054","30780","Little Rock-North Little Rock-Conway, AR","05","Arkansas","119","Pulaski","34.7561888042723","-92.2812958643647"
"08/15/2023","AQS","051190007","2","0.6","ppm","7","PARR","11","46.0000","42101","Carbon monoxide","054","30780","Little Rock-North Little Rock-Conway, AR","05","Arkansas","119","Pulaski","34.7561888042723","-92.2812958643647"
"08/16/2023","AQS","051190007","2","0.1","ppm","1","PARR","8","33.0000","42101","Carbon monoxide","054","30780","Little Rock-North Little Rock-Conway, AR","05","Arkansas","119","Pulaski","34.7561888042723","-92.2812958643647"
"08/17/2023","AQS","051190007","2","0.2","ppm","2","PARR","24","100.0000","42101","Carbon monoxide","054","30780","Little Rock-North Little Rock-Conway, AR","05","Arkansas","119","Pulaski","34.7561888042723","-92.2812958643647"
"08/18/2023","AQS","051190007","2","0.3","ppm","3","PARR","24","100.0000","42101","Carbon monoxide","054","30780","Little Rock-North Little Rock-Conway, AR","05","Arkansas","119","Pulaski","34.7561888042723","-92.2812958643647"
"08/19/2023","AQS","051190007","2","0.3","ppm","3","PARR","24","100.0000","42101","Carbon monoxide","054","30780","Little Rock-North Little Rock-Conway, AR","05","Arkansas","119","Pulaski","34.7561888042723","-92.2812958643647"
"08/20/2023","AQS","051190007","2","0.4","ppm","5","PARR","24","100.0000","42101","Carbon monoxide","054","30780","Little Rock-North Little Rock-Conway, AR","05","Arkansas","119","Pulaski","34.7561888042723","-92.2812958643647"
"08/21/2023","AQS","051190007","2","0.5","ppm","6","PARR","24","100.0000","42101","Carbon monoxide","054","30780","Little Rock-North Little Rock-Conway, AR","05","Arkansas","119","Pulaski","34.7561888042723","-92.2812958643647"
"08/22/2023","AQS","051190007","2","0.5","ppm","6","PARR","24","100.0000","42101","Carbon monoxide","054","30780","Little Rock-North Little Rock-Conway, AR","05","Arkansas","119","Pulaski","34.7561888042723","-92.2812958643647"
"08/23/2023","AQS","051190007","2","0.5","ppm","6","PARR","24","100.0000","42101","Carbon monoxide","054","30780","Little Rock-North Little Rock-Conway, AR","05","Arkansas","119","Pulaski","34.7561888042723","-92.2812958643647"
"08/24/2023","AQS","051190007","2","0.5","ppm","6","PARR","24","100.0000","42101","Carbon monoxide","054","30780","Little Rock-North Little Rock-Conway, AR","05","Arkansas","119","Pulaski","34.7561888042723","-92.2812958643647"
"08/25/2023","AQS","051190007","2","0.6","ppm","7","PARR","24","100.0000","42101","Carbon monoxide","054","30780","Little Rock-North Little Rock-Conway, AR","05","Arkansas","119","Pulaski","34.7561888042723","-92.2812958643647"
"08/26/2023","AQS","051190007","2","0.7","ppm","8","PARR","24","100.0000","42101","Carbon monoxide","054","30780","Little Rock-North Little Rock-Conway, AR","05","Arkansas","119","Pulaski","34.7561888042723","-92.2812958643647"
"08/27/2023","AQS","051190007","2","0.5","ppm","6","PARR","24","100.0000","42101","Carbon monoxide","054","30780","Little Rock-North Little Rock-Conway, AR","05","Arkansas","119","Pulaski","34.7561888042723","-92.2812958643647"
"08/28/2023","AQS","051190007","2","0.5","ppm","6","PARR","24","100.0000","42101","Carbon monoxide","054","30780","Little Rock-North Little Rock-Conway, AR","05","Arkansas","119","Pulaski","34.7561888042723","-92.2812958643647"
"08/29/2023","AQS","051190007","2","0.6","ppm","7","PARR","24","100.0000","42101","Carbon monoxide","054","30780","Little Rock-North Little Rock-Conway, AR","05","Arkansas","119","Pulaski","34.7561888042723","-92.2812958643647"
"08/30/2023","AQS","051190007","2","0.6","ppm","7","PARR","17","71.0000","42101","Carbon monoxide","054","30780","Little Rock-North Little Rock-Conway, AR","05","Arkansas","119","Pulaski","34.7561888042723","-92.2812958643647"
"08/31/2023","AQS","051190007","2","0.3","ppm","3","PARR","24","100.0000","42101","Carbon monoxide","054","30780","Little Rock-North Little Rock-Conway, AR","05","Arkansas","119","Pulaski","34.7561888042723","-92.2812958643647"
"09/01/2023","AQS","051190007","2","0.4","ppm","5","PARR","24","100.0000","42101","Carbon monoxide","054","30780","Little Rock-North Little Rock-Conway, AR","05","Arkansas","119","Pulaski","34.7561888042723","-92.2812958643647"
"09/02/2023","AQS","051190007","2","0.4","ppm","5","PARR","24","100.0000","42101","Carbon monoxide","054","30780","Little Rock-North Little Rock-Conway, AR","05","Arkansas","119","Pulaski","34.7561888042723","-92.2812958643647"
"09/03/2023","AQS","051190007","2","0.4","ppm","5","PARR","24","100.0000","42101","Carbon monoxide","054","30780","Little Rock-North Little Rock-Conway, AR","05","Arkansas","119","Pulaski","34.7561888042723","-92.2812958643647"
"09/04/2023","AQS","051190007","2","0.4","ppm","5","PARR","24","100.0000","42101","Carbon monoxide","054","30780","Little Rock-North Little Rock-Conway, AR","05","Arkansas","119","Pulaski","34.7561888042723","-92.2812958643647"
"09/05/2023","AQS","051190007","2","0.4","ppm","5","PARR","24","100.0000","42101","Carbon monoxide","054","30780","Little Rock-North Little Rock-Conway, AR","05","Arkansas","119","Pulaski","34.7561888042723","-92.2812958643647"
"09/06/2023","AQS","051190007","2","0.5","ppm","6","PARR","24","100.0000","42101","Carbon monoxide","054","30780","Little Rock-North Little Rock-Conway, AR","05","Arkansas","119","Pulaski","34.7561888042723","-92.2812958643647"
"09/07/2023","AQS","051190007","2","0.7","ppm","8","PARR","24","100.0000","42101","Carbon monoxide","054","30780","Little Rock-North Little Rock-Conway, AR","05","Arkansas","119","Pulaski","34.7561888042723","-92.2812958643647"
"09/08/2023","AQS","051190007","2","0.8","ppm","9","PARR","24","100.0000","42101","Carbon monoxide","054","30780","Little Rock-North Little Rock-Conway, AR","05","Arkansas","119","Pulaski","34.7561888042723","-92.2812958643647"
"09/09/2023","AQS","051190007","2","0.7","ppm","8","PARR","24","100.0000","42101","Carbon monoxide","054","30780","Little Rock-North Little Rock-Conway, AR","05","Arkansas","119","Pulaski","34.7561888042723","-92.2812958643647"
"09/10/2023","AQS","051190007","2","0.6","ppm","7","PARR","24","100.0000","42101","Carbon monoxide","054","30780","Little Rock-North Little Rock-Conway, AR","05","Arkansas","119","Pulaski","34.7561888042723","-92.2812958643647"
"09/11/2023","AQS","051190007","2","0.7","ppm","8","PARR","24","100.0000","42101","Carbon monoxide","054","30780","Little Rock-North Little Rock-Conway, AR","05","Arkansas","119","Pulaski","34.7561888042723","-92.2812958643647"
"09/12/2023","AQS","051190007","2","0.8","ppm","9","PARR","24","100.0000","42101","Carbon monoxide","054","30780","Little Rock-North Little Rock-Conway, AR","05","Arkansas","119","Pulaski","34.7561888042723","-92.2812958643647"
"09/13/2023","AQS","051190007","2","0.7","ppm","8","PARR","24","100.0000","42101","Carbon monoxide","054","30780","Little Rock-North Little Rock-Conway, AR","05","Arkansas","119","Pulaski","34.7561888042723","-92.2812958643647"
"09/14/2023","AQS","051190007","2","0.8","ppm","9","PARR","24","100.0000","42101","Carbon monoxide","054","30780","Little Rock-North Little Rock-Conway, AR","05","Arkansas","119","Pulaski","34.7561888042723","-92.2812958643647"
"09/15/2023","AQS","051190007","2","0.8","ppm","9","PARR","14","58.0000","42101","Carbon monoxide","054","30780","Little Rock-North Little Rock-Conway, AR","05","Arkansas","119","Pulaski","34.7561888042723","-92.2812958643647"
"09/16/2023","AQS","051190007","2","0.2","ppm","2","PARR","24","100.0000","42101","Carbon monoxide","054","30780","Little Rock-North Little Rock-Conway, AR","05","Arkansas","119","Pulaski","34.7561888042723","-92.2812958643647"
"09/17/2023","AQS","051190007","2","0.2","ppm","2","PARR","24","100.0000","42101","Carbon monoxide","054","30780","Little Rock-North Little Rock-Conway, AR","05","Arkansas","119","Pulaski","34.7561888042723","-92.2812958643647"
"09/18/2023","AQS","051190007","2","0.4","ppm","5","PARR","24","100.0000","42101","Carbon monoxide","054","30780","Little Rock-North Little Rock-Conway, AR","05","Arkansas","119","Pulaski","34.7561888042723","-92.2812958643647"
"09/19/2023","AQS","051190007","2","0.5","ppm","6","PARR","24","100.0000","42101","Carbon monoxide","054","30780","Little Rock-North Little Rock-Conway, AR","05","Arkansas","119","Pulaski","34.7561888042723","-92.2812958643647"
"09/20/2023","AQS","051190007","2","0.4","ppm","5","PARR","24","100.0000","42101","Carbon monoxide","054","30780","Little Rock-North Little Rock-Conway, AR","05","Arkansas","119","Pulaski","34.7561888042723","-92.2812958643647"
"09/21/2023","AQS","051190007","2","0.4","ppm","5","PARR","24","100.0000","42101","Carbon monoxide","054","30780","Little Rock-North Little Rock-Conway, AR","05","Arkansas","119","Pulaski","34.7561888042723","-92.2812958643647"
"09/22/2023","AQS","051190007","2","0.5","ppm","6","PARR","24","100.0000","42101","Carbon monoxide","054","30780","Little Rock-North Little Rock-Conway, AR","05","Arkansas","119","Pulaski","34.7561888042723","-92.2812958643647"
"09/23/2023","AQS","051190007","2","0.5","ppm","6","PARR","24","100.0000","42101","Carbon monoxide","054","30780","Little Rock-North Little Rock-Conway, AR","05","Arkansas","119","Pulaski","34.7561888042723","-92.2812958643647"
"09/24/2023","AQS","051190007","2","0.5","ppm","6","PARR","24","100.0000","42101","Carbon monoxide","054","30780","Little Rock-North Little Rock-Conway, AR","05","Arkansas","119","Pulaski","34.7561888042723","-92.2812958643647"
"09/25/2023","AQS","051190007","2","0.5","ppm","6","PARR","24","100.0000","42101","Carbon monoxide","054","30780","Little Rock-North Little Rock-Conway, AR","05","Arkansas","119","Pulaski","34.7561888042723","-92.2812958643647"
"09/26/2023","AQS","051190007","2","0.6","ppm","7","PARR","24","100.0000","42101","Carbon monoxide","054","30780","Little Rock-North Little Rock-Conway, AR","05","Arkansas","119","Pulaski","34.7561888042723","-92.2812958643647"
"09/27/2023","AQS","051190007","2","0.7","ppm","8","PARR","24","100.0000","42101","Carbon monoxide","054","30780","Little Rock-North Little Rock-Conway, AR","05","Arkansas","119","Pulaski","34.7561888042723","-92.2812958643647"
"09/28/2023","AQS","051190007","2","0.6","ppm","7","PARR","24","100.0000","42101","Carbon monoxide","054","30780","Little Rock-North Little Rock-Conway, AR","05","Arkansas","119","Pulaski","34.7561888042723","-92.2812958643647"
"09/29/2023","AQS","051190007","2","0.7","ppm","8","PARR","24","100.0000","42101","Carbon monoxide","054","30780","Little Rock-North Little Rock-Conway, AR","05","Arkansas","119","Pulaski","34.7561888042723","-92.2812958643647"
"09/30/2023","AQS","051190007","2","0.8","ppm","9","PARR","24","100.0000","42101","Carbon monoxide","054","30780","Little Rock-North Little Rock-Conway, AR","05","Arkansas","119","Pulaski","34.7561888042723","-92.2812958643647"
"10/01/2023","AQS","051190007","2","0.8","ppm","9","PARR","24","100.0000","42101","Carbon monoxide","054","30780","Little Rock-North Little Rock-Conway, AR","05","Arkansas","119","Pulaski","34.7561888042723","-92.2812958643647"
"10/02/2023","AQS","051190007","2","0.7","ppm","8","PARR","24","100.0000","42101","Carbon monoxide","054","30780","Little Rock-North Little Rock-Conway, AR","05","Arkansas","119","Pulaski","34.7561888042723","-92.2812958643647"
"10/03/2023","AQS","051190007","2","0.2","ppm","2","PARR","24","100.0000","42101","Carbon monoxide","054","30780","Little Rock-North Little Rock-Conway, AR","05","Arkansas","119","Pulaski","34.7561888042723","-92.2812958643647"
"10/04/2023","AQS","051190007","2","0","ppm","0","PARR","24","100.0000","42101","Carbon monoxide","054","30780","Little Rock-North Little Rock-Conway, AR","05","Arkansas","119","Pulaski","34.7561888042723","-92.2812958643647"
"10/05/2023","AQS","051190007","2","0.1","ppm","1","PARR","24","100.0000","42101","Carbon monoxide","054","30780","Little Rock-North Little Rock-Conway, AR","05","Arkansas","119","Pulaski","34.7561888042723","-92.2812958643647"
"10/06/2023","AQS","051190007","2","0.1","ppm","1","PARR","24","100.0000","42101","Carbon monoxide","054","30780","Little Rock-North Little Rock-Conway, AR","05","Arkansas","119","Pulaski","34.7561888042723","-92.2812958643647"
"10/07/2023","AQS","051190007","2","0.4","ppm","5","PARR","24","100.0000","42101","Carbon monoxide","054","30780","Little Rock-North Little Rock-Conway, AR","05","Arkansas","119","Pulaski","34.7561888042723","-92.2812958643647"
"10/08/2023","AQS","051190007","2","0.5","ppm","6","PARR","24","100.0000","42101","Carbon monoxide","054","30780","Little Rock-North Little Rock-Conway, AR","05","Arkansas","119","Pulaski","34.7561888042723","-92.2812958643647"
"10/09/2023","AQS","051190007","2","0.5","ppm","6","PARR","24","100.0000","42101","Carbon monoxide","054","30780","Little Rock-North Little Rock-Conway, AR","05","Arkansas","119","Pulaski","34.7561888042723","-92.2812958643647"
"10/10/2023","AQS","051190007","2","0.4","ppm","5","PARR","24","100.0000","42101","Carbon monoxide","054","30780","Little Rock-North Little Rock-Conway, AR","05","Arkansas","119","Pulaski","34.7561888042723","-92.2812958643647"
"10/11/2023","AQS","051190007","2","0.4","ppm","5","PARR","24","100.0000","42101","Carbon monoxide","054","30780","Little Rock-North Little Rock-Conway, AR","05","Arkansas","119","Pulaski","34.7561888042723","-92.2812958643647"
"10/12/2023","AQS","051190007","2","0.6","ppm","7","PARR","24","100.0000","42101","Carbon monoxide","054","30780","Little Rock-North Little Rock-Conway, AR","05","Arkansas","119","Pulaski","34.7561888042723","-92.2812958643647"
"10/13/2023","AQS","051190007","2","0.4","ppm","5","PARR","24","100.0000","42101","Carbon monoxide","054","30780","Little Rock-North Little Rock-Conway, AR","05","Arkansas","119","Pulaski","34.7561888042723","-92.2812958643647"
"10/14/2023","AQS","051190007","2","0.6","ppm","7","PARR","24","100.0000","42101","Carbon monoxide","054","30780","Little Rock-North Little Rock-Conway, AR","05","Arkansas","119","Pulaski","34.7561888042723","-92.2812958643647"
"10/15/2023","AQS","051190007","2","0.6","ppm","7","PARR","24","100.0000","42101","Carbon monoxide","054","30780","Little Rock-North Little Rock-Conway, AR","05","Arkansas","119","Pulaski","34.7561888042723","-92.2812958643647"
"10/16/2023","AQS","051190007","2","0.7","ppm","8","PARR","24","100.0000","42101","Carbon monoxide","054","30780","Little Rock-North Little Rock-Conway, AR","05","Arkansas","119","Pulaski","34.7561888042723","-92.2812958643647"
"10/17/2023","AQS","051190007","2","0.8","ppm","9","PARR","24","100.0000","42101","Carbon monoxide","054","30780","Little Rock-North Little Rock-Conway, AR","05","Arkansas","119","Pulaski","34.7561888042723","-92.2812958643647"
"10/18/2023","AQS","051190007","2","0.9","ppm","10","PARR","24","100.0000","42101","Carbon monoxide","054","30780","Little Rock-North Little Rock-Conway, AR","05","Arkansas","119","Pulaski","34.7561888042723","-92.2812958643647"
"10/19/2023","AQS","051190007","2","1","ppm","11","PARR","24","100.0000","42101","Carbon monoxide","054","30780","Little Rock-North Little Rock-Conway, AR","05","Arkansas","119","Pulaski","34.7561888042723","-92.2812958643647"
"10/20/2023","AQS","051190007","2","0.7","ppm","8","PARR","24","100.0000","42101","Carbon monoxide","054","30780","Little Rock-North Little Rock-Conway, AR","05","Arkansas","119","Pulaski","34.7561888042723","-92.2812958643647"
"10/21/2023","AQS","051190007","2","1.2","ppm","14","PARR","24","100.0000","42101","Carbon monoxide","054","30780","Little Rock-North Little Rock-Conway, AR","05","Arkansas","119","Pulaski","34.7561888042723","-92.2812958643647"
"10/22/2023","AQS","051190007","2","0.5","ppm","6","PARR","24","100.0000","42101","Carbon monoxide","054","30780","Little Rock-North Little Rock-Conway, AR","05","Arkansas","119","Pulaski","34.7561888042723","-92.2812958643647"
"10/23/2023","AQS","051190007","2","0.6","ppm","7","PARR","24","100.0000","42101","Carbon monoxide","054","30780","Little Rock-North Little Rock-Conway, AR","05","Arkansas","119","Pulaski","34.7561888042723","-92.2812958643647"
"10/24/2023","AQS","051190007","2","0.6","ppm","7","PARR","24","100.0000","42101","Carbon monoxide","054","30780","Little Rock-North Little Rock-Conway, AR","05","Arkansas","119","Pulaski","34.7561888042723","-92.2812958643647"
"10/25/2023","AQS","051190007","2","0","ppm","0","PARR","24","100.0000","42101","Carbon monoxide","054","30780","Little Rock-North Little Rock-Conway, AR","05","Arkansas","119","Pulaski","34.7561888042723","-92.2812958643647"
"10/26/2023","AQS","051190007","2","0.8","ppm","9","PARR","24","100.0000","42101","Carbon monoxide","054","30780","Little Rock-North Little Rock-Conway, AR","05","Arkansas","119","Pulaski","34.7561888042723","-92.2812958643647"
"10/27/2023","AQS","051190007","2","0.9","ppm","10","PARR","24","100.0000","42101","Carbon monoxide","054","30780","Little Rock-North Little Rock-Conway, AR","05","Arkansas","119","Pulaski","34.7561888042723","-92.2812958643647"
"10/28/2023","AQS","051190007","2","1","ppm","11","PARR","24","100.0000","42101","Carbon monoxide","054","30780","Little Rock-North Little Rock-Conway, AR","05","Arkansas","119","Pulaski","34.7561888042723","-92.2812958643647"
"10/29/2023","AQS","051190007","2","0.9","ppm","10","PARR","24","100.0000","42101","Carbon monoxide","054","30780","Little Rock-North Little Rock-Conway, AR","05","Arkansas","119","Pulaski","34.7561888042723","-92.2812958643647"
"10/30/2023","AQS","051190007","2","0.9","ppm","10","PARR","24","100.0000","42101","Carbon monoxide","054","30780","Little Rock-North Little Rock-Conway, AR","05","Arkansas","119","Pulaski","34.7561888042723","-92.2812958643647"
"10/31/2023","AQS","051190007","2","0.9","ppm","10","PARR","24","100.0000","42101","Carbon monoxide","054","30780","Little Rock-North Little Rock-Conway, AR","05","Arkansas","119","Pulaski","34.7561888042723","-92.2812958643647"
"11/01/2023","AQS","051190007","2","0.9","ppm","10","PARR","24","100.0000","42101","Carbon monoxide","054","30780","Little Rock-North Little Rock-Conway, AR","05","Arkansas","119","Pulaski","34.7561888042723","-92.2812958643647"
"11/02/2023","AQS","051190007","2","1.1","ppm","13","PARR","24","100.0000","42101","Carbon monoxide","054","30780","Little Rock-North Little Rock-Conway, AR","05","Arkansas","119","Pulaski","34.7561888042723","-92.2812958643647"
"11/03/2023","AQS","051190007","2","1.2","ppm","14","PARR","24","100.0000","42101","Carbon monoxide","054","30780","Little Rock-North Little Rock-Conway, AR","05","Arkansas","119","Pulaski","34.7561888042723","-92.2812958643647"
"11/04/2023","AQS","051190007","2","1.3","ppm","15","PARR","24","100.0000","42101","Carbon monoxide","054","30780","Little Rock-North Little Rock-Conway, AR","05","Arkansas","119","Pulaski","34.7561888042723","-92.2812958643647"
"11/05/2023","AQS","051190007","2","1.3","ppm","15","PARR","24","100.0000","42101","Carbon monoxide","054","30780","Little Rock-North Little Rock-Conway, AR","05","Arkansas","119","Pulaski","34.7561888042723","-92.2812958643647"
"11/06/2023","AQS","051190007","2","1.2","ppm","14","PARR","24","100.0000","42101","Carbon monoxide","054","30780","Little Rock-North Little Rock-Conway, AR","05","Arkansas","119","Pulaski","34.7561888042723","-92.2812958643647"
"11/07/2023","AQS","051190007","2","1.1","ppm","13","PARR","24","100.0000","42101","Carbon monoxide","054","30780","Little Rock-North Little Rock-Conway, AR","05","Arkansas","119","Pulaski","34.7561888042723","-92.2812958643647"
"11/08/2023","AQS","051190007","2","0.8","ppm","9","PARR","24","100.0000","42101","Carbon monoxide","054","30780","Little Rock-North Little Rock-Conway, AR","05","Arkansas","119","Pulaski","34.7561888042723","-92.2812958643647"
"11/09/2023","AQS","051190007","2","0.2","ppm","2","PARR","24","100.0000","42101","Carbon monoxide","054","30780","Little Rock-North Little Rock-Conway, AR","05","Arkansas","119","Pulaski","34.7561888042723","-92.2812958643647"
"11/10/2023","AQS","051190007","2","0","ppm","0","PARR","24","100.0000","42101","Carbon monoxide","054","30780","Little Rock-North Little Rock-Conway, AR","05","Arkansas","119","Pulaski","34.7561888042723","-92.2812958643647"
"11/11/2023","AQS","051190007","2","0","ppm","0","PARR","24","100.0000","42101","Carbon monoxide","054","30780","Little Rock-North Little Rock-Conway, AR","05","Arkansas","119","Pulaski","34.7561888042723","-92.2812958643647"
"11/12/2023","AQS","051190007","2","0","ppm","0","PARR","24","100.0000","42101","Carbon monoxide","054","30780","Little Rock-North Little Rock-Conway, AR","05","Arkansas","119","Pulaski","34.7561888042723","-92.2812958643647"
"11/13/2023","AQS","051190007","2","0","ppm","0","PARR","24","100.0000","42101","Carbon monoxide","054","30780","Little Rock-North Little Rock-Conway, AR","05","Arkansas","119","Pulaski","34.7561888042723","-92.2812958643647"
"11/14/2023","AQS","051190007","2","0","ppm","0","PARR","24","100.0000","42101","Carbon monoxide","054","30780","Little Rock-North Little Rock-Conway, AR","05","Arkansas","119","Pulaski","34.7561888042723","-92.2812958643647"
"11/15/2023","AQS","051190007","2","0","ppm","0","PARR","24","100.0000","42101","Carbon monoxide","054","30780","Little Rock-North Little Rock-Conway, AR","05","Arkansas","119","Pulaski","34.7561888042723","-92.2812958643647"
"11/16/2023","AQS","051190007","2","0","ppm","0","PARR","24","100.0000","42101","Carbon monoxide","054","30780","Little Rock-North Little Rock-Conway, AR","05","Arkansas","119","Pulaski","34.7561888042723","-92.2812958643647"
"11/17/2023","AQS","051190007","2","0","ppm","0","PARR","24","100.0000","42101","Carbon monoxide","054","30780","Little Rock-North Little Rock-Conway, AR","05","Arkansas","119","Pulaski","34.7561888042723","-92.2812958643647"
"11/18/2023","AQS","051190007","2","0","ppm","0","PARR","24","100.0000","42101","Carbon monoxide","054","30780","Little Rock-North Little Rock-Conway, AR","05","Arkansas","119","Pulaski","34.7561888042723","-92.2812958643647"
"11/19/2023","AQS","051190007","2","0","ppm","0","PARR","24","100.0000","42101","Carbon monoxide","054","30780","Little Rock-North Little Rock-Conway, AR","05","Arkansas","119","Pulaski","34.7561888042723","-92.2812958643647"
"11/20/2023","AQS","051190007","2","0","ppm","0","PARR","24","100.0000","42101","Carbon monoxide","054","30780","Little Rock-North Little Rock-Conway, AR","05","Arkansas","119","Pulaski","34.7561888042723","-92.2812958643647"
"11/21/2023","AQS","051190007","2","0","ppm","0","PARR","24","100.0000","42101","Carbon monoxide","054","30780","Little Rock-North Little Rock-Conway, AR","05","Arkansas","119","Pulaski","34.7561888042723","-92.2812958643647"
"11/22/2023","AQS","051190007","2","0","ppm","0","PARR","18","75.0000","42101","Carbon monoxide","054","30780","Little Rock-North Little Rock-Conway, AR","05","Arkansas","119","Pulaski","34.7561888042723","-92.2812958643647"
"11/23/2023","AQS","051190007","2","0","ppm","0","PARR","24","100.0000","42101","Carbon monoxide","054","30780","Little Rock-North Little Rock-Conway, AR","05","Arkansas","119","Pulaski","34.7561888042723","-92.2812958643647"
"11/24/2023","AQS","051190007","2","0","ppm","0","PARR","24","100.0000","42101","Carbon monoxide","054","30780","Little Rock-North Little Rock-Conway, AR","05","Arkansas","119","Pulaski","34.7561888042723","-92.2812958643647"
"11/25/2023","AQS","051190007","2","0","ppm","0","PARR","24","100.0000","42101","Carbon monoxide","054","30780","Little Rock-North Little Rock-Conway, AR","05","Arkansas","119","Pulaski","34.7561888042723","-92.2812958643647"
"11/26/2023","AQS","051190007","2","0","ppm","0","PARR","24","100.0000","42101","Carbon monoxide","054","30780","Little Rock-North Little Rock-Conway, AR","05","Arkansas","119","Pulaski","34.7561888042723","-92.2812958643647"
"11/27/2023","AQS","051190007","2","0","ppm","0","PARR","24","100.0000","42101","Carbon monoxide","054","30780","Little Rock-North Little Rock-Conway, AR","05","Arkansas","119","Pulaski","34.7561888042723","-92.2812958643647"
"11/28/2023","AQS","051190007","2","0","ppm","0","PARR","24","100.0000","42101","Carbon monoxide","054","30780","Little Rock-North Little Rock-Conway, AR","05","Arkansas","119","Pulaski","34.7561888042723","-92.2812958643647"
"11/29/2023","AQS","051190007","2","0","ppm","0","PARR","24","100.0000","42101","Carbon monoxide","054","30780","Little Rock-North Little Rock-Conway, AR","05","Arkansas","119","Pulaski","34.7561888042723","-92.2812958643647"
"11/30/2023","AQS","051190007","2","0","ppm","0","PARR","24","100.0000","42101","Carbon monoxide","054","30780","Little Rock-North Little Rock-Conway, AR","05","Arkansas","119","Pulaski","34.7561888042723","-92.2812958643647"
"12/01/2023","AQS","051190007","2","0","ppm","0","PARR","24","100.0000","42101","Carbon monoxide","054","30780","Little Rock-North Little Rock-Conway, AR","05","Arkansas","119","Pulaski","34.7561888042723","-92.2812958643647"
"12/02/2023","AQS","051190007","2","0","ppm","0","PARR","24","100.0000","42101","Carbon monoxide","054","30780","Little Rock-North Little Rock-Conway, AR","05","Arkansas","119","Pulaski","34.7561888042723","-92.2812958643647"
"12/03/2023","AQS","051190007","2","0","ppm","0","PARR","24","100.0000","42101","Carbon monoxide","054","30780","Little Rock-North Little Rock-Conway, AR","05","Arkansas","119","Pulaski","34.7561888042723","-92.2812958643647"
"12/04/2023","AQS","051190007","2","0","ppm","0","PARR","24","100.0000","42101","Carbon monoxide","054","30780","Little Rock-North Little Rock-Conway, AR","05","Arkansas","119","Pulaski","34.7561888042723","-92.2812958643647"
"12/05/2023","AQS","051190007","2","0","ppm","0","PARR","24","100.0000","42101","Carbon monoxide","054","30780","Little Rock-North Little Rock-Conway, AR","05","Arkansas","119","Pulaski","34.7561888042723","-92.2812958643647"
"12/06/2023","AQS","051190007","2","0","ppm","0","PARR","24","100.0000","42101","Carbon monoxide","054","30780","Little Rock-North Little Rock-Conway, AR","05","Arkansas","119","Pulaski","34.7561888042723","-92.2812958643647"
"12/07/2023","AQS","051190007","2","0","ppm","0","PARR","24","100.0000","42101","Carbon monoxide","054","30780","Little Rock-North Little Rock-Conway, AR","05","Arkansas","119","Pulaski","34.7561888042723","-92.2812958643647"
"12/08/2023","AQS","051190007","2","0","ppm","0","PARR","24","100.0000","42101","Carbon monoxide","054","30780","Little Rock-North Little Rock-Conway, AR","05","Arkansas","119","Pulaski","34.7561888042723","-92.2812958643647"
"12/09/2023","AQS","051190007","2","0","ppm","0","PARR","24","100.0000","42101","Carbon monoxide","054","30780","Little Rock-North Little Rock-Conway, AR","05","Arkansas","119","Pulaski","34.7561888042723","-92.2812958643647"
"12/10/2023","AQS","051190007","2","0","ppm","0","PARR","24","100.0000","42101","Carbon monoxide","054","30780","Little Rock-North Little Rock-Conway, AR","05","Arkansas","119","Pulaski","34.7561888042723","-92.2812958643647"
"12/11/2023","AQS","051190007","2","0","ppm","0","PARR","24","100.0000","42101","Carbon monoxide","054","30780","Little Rock-North Little Rock-Conway, AR","05","Arkansas","119","Pulaski","34.7561888042723","-92.2812958643647"
"12/12/2023","AQS","051190007","2","0","ppm","0","PARR","24","100.0000","42101","Carbon monoxide","054","30780","Little Rock-North Little Rock-Conway, AR","05","Arkansas","119","Pulaski","34.7561888042723","-92.2812958643647"
"12/13/2023","AQS","051190007","2","0","ppm","0","PARR","24","100.0000","42101","Carbon monoxide","054","30780","Little Rock-North Little Rock-Conway, AR","05","Arkansas","119","Pulaski","34.7561888042723","-92.2812958643647"
"12/14/2023","AQS","051190007","2","0","ppm","0","PARR","24","100.0000","42101","Carbon monoxide","054","30780","Little Rock-North Little Rock-Conway, AR","05","Arkansas","119","Pulaski","34.7561888042723","-92.2812958643647"
"12/15/2023","AQS","051190007","2","0","ppm","0","PARR","24","100.0000","42101","Carbon monoxide","054","30780","Little Rock-North Little Rock-Conway, AR","05","Arkansas","119","Pulaski","34.7561888042723","-92.2812958643647"
"12/16/2023","AQS","051190007","2","0","ppm","0","PARR","24","100.0000","42101","Carbon monoxide","054","30780","Little Rock-North Little Rock-Conway, AR","05","Arkansas","119","Pulaski","34.7561888042723","-92.2812958643647"
"12/17/2023","AQS","051190007","2","0","ppm","0","PARR","24","100.0000","42101","Carbon monoxide","054","30780","Little Rock-North Little Rock-Conway, AR","05","Arkansas","119","Pulaski","34.7561888042723","-92.2812958643647"
"12/18/2023","AQS","051190007","2","0","ppm","0","PARR","24","100.0000","42101","Carbon monoxide","054","30780","Little Rock-North Little Rock-Conway, AR","05","Arkansas","119","Pulaski","34.7561888042723","-92.2812958643647"
"12/19/2023","AQS","051190007","2","0","ppm","0","PARR","24","100.0000","42101","Carbon monoxide","054","30780","Little Rock-North Little Rock-Conway, AR","05","Arkansas","119","Pulaski","34.7561888042723","-92.2812958643647"
"12/20/2023","AQS","051190007","2","0","ppm","0","PARR","24","100.0000","42101","Carbon monoxide","054","30780","Little Rock-North Little Rock-Conway, AR","05","Arkansas","119","Pulaski","34.7561888042723","-92.2812958643647"
"12/21/2023","AQS","051190007","2","0","ppm","0","PARR","24","100.0000","42101","Carbon monoxide","054","30780","Little Rock-North Little Rock-Conway, AR","05","Arkansas","119","Pulaski","34.7561888042723","-92.2812958643647"
"12/22/2023","AQS","051190007","2","0","ppm","0","PARR","24","100.0000","42101","Carbon monoxide","054","30780","Little Rock-North Little Rock-Conway, AR","05","Arkansas","119","Pulaski","34.7561888042723","-92.2812958643647"
"12/23/2023","AQS","051190007","2","0","ppm","0","PARR","24","100.0000","42101","Carbon monoxide","054","30780","Little Rock-North Little Rock-Conway, AR","05","Arkansas","119","Pulaski","34.7561888042723","-92.2812958643647"
"12/24/2023","AQS","051190007","2","0","ppm","0","PARR","24","100.0000","42101","Carbon monoxide","054","30780","Little Rock-North Little Rock-Conway, AR","05","Arkansas","119","Pulaski","34.7561888042723","-92.2812958643647"
"12/25/2023","AQS","051190007","2","0","ppm","0","PARR","24","100.0000","42101","Carbon monoxide","054","30780","Little Rock-North Little Rock-Conway, AR","05","Arkansas","119","Pulaski","34.7561888042723","-92.2812958643647"
"12/26/2023","AQS","051190007","2","0","ppm","0","PARR","24","100.0000","42101","Carbon monoxide","054","30780","Little Rock-North Little Rock-Conway, AR","05","Arkansas","119","Pulaski","34.7561888042723","-92.2812958643647"
"12/27/2023","AQS","051190007","2","0","ppm","0","PARR","24","100.0000","42101","Carbon monoxide","054","30780","Little Rock-North Little Rock-Conway, AR","05","Arkansas","119","Pulaski","34.7561888042723","-92.2812958643647"
"12/28/2023","AQS","051190007","2","0","ppm","0","PARR","24","100.0000","42101","Carbon monoxide","054","30780","Little Rock-North Little Rock-Conway, AR","05","Arkansas","119","Pulaski","34.7561888042723","-92.2812958643647"
"12/29/2023","AQS","051190007","2","0","ppm","0","PARR","24","100.0000","42101","Carbon monoxide","054","30780","Little Rock-North Little Rock-Conway, AR","05","Arkansas","119","Pulaski","34.7561888042723","-92.2812958643647"
"12/30/2023","AQS","051190007","2","0","ppm","0","PARR","24","100.0000","42101","Carbon monoxide","054","30780","Little Rock-North Little Rock-Conway, AR","05","Arkansas","119","Pulaski","34.7561888042723","-92.2812958643647"
"12/31/2023","AQS","051190007","2","0","ppm","0","PARR","24","100.0000","42101","Carbon monoxide","054","30780","Little Rock-North Little Rock-Conway, AR","05","Arkansas","119","Pulaski","34.7561888042723","-92.2812958643647"
